Nome_Azienda,URL_Sito,Google_Business_Link,Categoria,Priorita,Email,Immagini,Link_Demo,Data_Generazione,Data_Contatto,Contattato,Citta,Sito_Pre2020,Mobile_Friendly,Channel_Manager,Blog,Criteri_Soddisfatti,Note,Brief_Demo_OpenClaw
Sirenide Viaggi,https://www.sirenide.com,https://www.google.com/maps/search/?api=1&query=Sirenide+Viaggi+Via+degli+Aranci+25+Sorrento,Tour operator incoming / DMC,1,info@sirenide.com,https://www.sirenide.com/images/scaled/sirenide-viaggi_00073.webp https://www.sirenide.com/images/scaled/000_positano.webp https://www.sirenide.com/images/scaled/AdobeStock_259147781.webp,https://naplesexperiences-netizen.github.io/experiences-demos/demos/sirenide-viaggi-demo-experiences/,2026-06-09,2026-06-11,No,Sorrento,Sì (probabile),Sì (SEO 92),No (non rilevato),No,4.0,DMC storico 35+ anni B2B verso TO/ADV esteri. Via degli Aranci 25. | PageSpeed mobile: perf=62 seo=92 bp=100. Stack: core-js. Booking engine: non rilevato.,Sirenide Viaggi; DMC e tour operator incoming B2B; Sorrento; partner incoming per il Sud Italia rivolto a tour operator e agenzie esteri; punti forza: oltre 35 anni di esperienza incoming - copertura Penisola Sorrentina Costiera Capri Ischia Napoli Roma - servizi su misura (hotel 3-5 stelle guide in 5 lingue bus lusso yacht) - eventi e matrimoni - rete di hotel di proprietà a Sorrento; palette blu navy + turchese mediterraneo + bianco con accenti oro; sezioni: home B2B / chi siamo / destinazioni e itinerari / servizi (hotel transfer guide eventi) / area agenzie e tour operator / gallery / contatti e richiesta preventivo; lingue IT/EN; tono istituzionale affidabile orientato al partner; CTA 'Richiedi un preventivo'
Grand Hotel Excelsior Vittoria,https://excelsiorvittoria.com,https://www.google.com/maps/search/?api=1&query=Grand+Hotel+Excelsior+Vittoria+Sorrento+Piazza+Tasso,Hotel 5 stelle Luxury (LHW),2,fb@exvitt.it,https://excelsiorvittoria.com/assets/video/solo_bird_2__loop-.jpg https://excelsiorvittoria.com/images-temp-/off-suit-rt-1.jpg https://excelsiorvittoria.com/images-temp-/stellat-offer-sq--.jpg,https://naplesexperiences-netizen.github.io/experiences-demos/demos/grand-hotel-excelsior-vittoria-demo-experiences/,2026-06-09,2026-06-11,No,Sorrento,Incerto (stack classico),Sì (SEO 100),Sì (triptease),No,3.5,Brand iconico dal 1834 LHW 79 camere ristorante stellato Terrazza Bosquet Piazza Tasso. Booking via LHW (Triptease è metasearch non CM). | PageSpeed mobile: perf=50 seo=100 bp=96. Stack: Bootstrap|jQuery|core-js. Booking engine: triptease.,Grand Hotel Excelsior Vittoria; 5 stelle luxury; Sorrento Piazza Tasso; landmark storico iconico sul Golfo di Napoli; punti forza: dimora storica dal 1834 con ospiti illustri (Wagner Wilde Caruso) - membro Leading Hotels of the World - ristorante stellato Michelin Terrazza Bosquet - parco-agrumeto privato e spa - ascensore privato verso il porto e marina - 79 camere vista mare; palette avorio caldo + verde agrume + oro antico su fondo crema; sezioni: home cinematica / camere e suite / dining stellato / spa e parco / esperienze (Capri Pompei Costiera) / storia e heritage / eventi e matrimoni / prenota; lingue IT/EN; tono elegante sobrio evocativo; CTA 'Prenota il tuo soggiorno'
Hotel Mediterraneo Sorrento,https://www.mediterraneosorrento.com,https://www.google.com/maps/search/?api=1&query=Hotel+Mediterraneo+SantAgnello,Hotel 5 stelle,2,info@mediterraneosorrento.com,,https://naplesexperiences-netizen.github.io/experiences-demos/demos/hotel-mediterraneo-sorrento-demo-experiences/,2026-06-09,2026-06-11,No,Sant'Agnello,Incerto (stack classico),Sì (SEO 100),No (non rilevato),No,3.5,"Michelin Key 2025, 61 camere, ascensore al mare, segmento lusso. Stack solo jQuery+Lo-Dash, no booking engine esterno rilevato (Parziale). | PageSpeed mobile: perf=28 seo=100 bp=96. Stack: jQuery|Lo-Dash. Booking engine: non rilevato.",Hotel Mediterraneo Sorrento; 5 stelle; Sant'Agnello a picco sul mare; boutique luxury con ascensore al mare; punti forza: terrazza e piscina sul mare - ascensore privato alla spiaggia - rooftop restaurant - Michelin Key 2025 - vista golfo; palette blu + bianco + ottone; sezioni: hero rooftop / camere / piscina e mare / dining / spa / esperienze / prenota; lingue IT/EN; tono fresco contemporaneo elegante; CTA 'Prenota la tua vista mare'
Hotel Prestige Sorrento,https://www.hotelprestigesorrento.com,https://www.google.com/maps/search/?api=1&query=Hotel+Prestige+Sorrento+Via+Nastro+Azzurro+23,Hotel 4 stelle boutique,4,info@hotelprestigesorrento.com,https://www.hotelprestigesorrento.com/tpl/default/assets/images/ghost-100x70.png https://www.hotelprestigesorrento.com/img/gall/309161398/1471950607.jpg https://www.hotelprestigesorrento.com/img/gall/309161398/146843751542.jpg,,2026-06-09,,No,Sorrento,No,Sì (SEO 100),Sì (simplebooking),No,1.0,"Via Nastro Azzurro 23. 25 camere vista doppio golfo. Stack LitElement+Bootstrap+jQuery (moderno), SimpleBooking integrato. NON pre-2020. | PageSpeed mobile: perf=30 seo=100 bp=100. Stack: Bootstrap|LitElement|lit-html|Google Maps|jQuery|Modernizr|y. Booking engine: simplebooking.",Hotel Prestige Sorrento; 4 stelle boutique; Via Nastro Azzurro 23 Sorrento; boutique panoramico intimo con navetta gratuita per il centro; punti forza: vista doppio golfo Napoli e Salerno - 25 camere intime - piscina a sfioro - roof bar - ristorante à la carte - navetta gratuita; palette azzurro golfo + bianco calce + ottone caldo stile mediterraneo elegante; sezioni: hero vista mare / camere / piscina e roof bar / ristorante / esperienze e dintorni / prenotazione / contatti; lingue IT/EN; tono caldo intimo esclusivo; CTA 'Prenota la tua vista sul golfo'
Grand Hotel Capodimonte Sorrento,https://www.capodimontesorrento.com,https://www.google.com/maps/search/?api=1&query=Grand+Hotel+Capodimonte+Sorrento+Via+Capodimonte+16,Hotel 4 stelle superior,2,capodimonte@manniellohotels.com,https://www.capodimontesorrento.com/wp-content/uploads/sites/346/2024/05/Piscina-con-vistaSito-300x150.jpg https://www.capodimontesorrento.com/wp-content/uploads/sites/346/2024/05/Piscina-con-vistaSito-450x900.jpg,https://naplesexperiences-netizen.github.io/experiences-demos/demos/grand-hotel-capodimonte-sorrento-demo-experiences/,2026-06-09,2026-06-11,No,Sorrento,Incerto (stack classico),Sì (SEO 85),Sì (d-edge|decms),No,3.5,"Via Capodimonte 16. Gruppo Manniello su D-Edge (WP multisito). 5 piscine, 2-3 ristoranti, volume alto. | PageSpeed mobile: perf=96 seo=85 bp=100. Stack: jQuery. Booking engine: d-edge|decms.",Grand Hotel Capodimonte; 4 stelle superior; Via Capodimonte 16 Sorrento; resort panoramico classico-mediterraneo gruppo Manniello; punti forza: 5 piscine a cascata vista golfo - 2-3 ristoranti (Le Ginestre Le Querce) - giardini mediterranei - beach club - spa e jacuzzi - ingresso scavato nella roccia con ascensori; palette blu profondo + terracotta + verde mediterraneo + crema; sezioni: hero piscine a cascata / camere e suite / le 5 piscine / ristoranti / spa e beach club / esperienze costiera / prenotazione / contatti; lingue IT/EN; tono elegante classico raffinato; CTA 'Prenota la tua vista sul Golfo di Napoli'
Grand Hotel Royal Sorrento,https://www.royalsorrento.com,https://www.google.com/maps/search/?api=1&query=Grand+Hotel+Royal+Sorrento+Via+Correale+42,Hotel 5 stelle,2,royal@manniellohotels.com,https://www.royalsorrento.com/wp-content/uploads/sites/343/2023/03/Terrazza-Home-Page-300x150.jpeg https://www.royalsorrento.com/wp-content/uploads/sites/343/2023/03/Terrazza-Home-Page-450x900.jpeg,https://naplesexperiences-netizen.github.io/experiences-demos/demos/grand-hotel-royal-sorrento-demo-experiences/,2026-06-09,2026-06-11,No,Sorrento,Incerto (stack classico),Sì (SEO 85),Sì (d-edge|decms),No,3.5,"Via Correale 42. Gruppo Manniello su D-Edge. Spiaggia privata, beach club, 3 ristoranti. | PageSpeed mobile: perf=89 seo=85 bp=100. Stack: jQuery. Booking engine: d-edge|decms.",Grand Hotel Royal; 5 stelle lusso; Via Correale 42 Sorrento; resort di lusso urbano gruppo Manniello; punti forza: posizione centrale a picco sul mare - spiaggia privata e beach club - piscina infinity con cascata e giardini di palme - 3 ristoranti e bar - spa con jacuzzi - vista Golfo e Vesuvio; palette blu navy + oro/ottone + bianco e verde palma; sezioni: hero piscina e mare / camere e suite / spiaggia privata e beach club / ristoranti / spa e wellness / esperienze e posizione / prenotazione / contatti; lingue IT/EN; tono lussuoso prestigioso accogliente; CTA 'Vivi il lusso fronte mare a Sorrento - Prenota'
Torres Travel,https://www.torrestravel.it,https://www.google.com/maps/search/?api=1&query=Torres+Travel+Via+Lepanto+143+Pompei,Tour operator incoming Pompei guide center,2,info@torrestravel.it,https://torrestravel.it/wp-content/uploads/2020/01/pompeii-03.jpg https://torrestravel.it/wp-content/uploads/2020/01/home-slide-02-768x388.jpg https://torrestravel.it/wp-content/uploads/2020/01/home-slide-01-768x388.jpg,https://naplesexperiences-netizen.github.io/experiences-demos/demos/torres-travel-pompei-demo-experiences/,2026-06-11,2026-06-11,No,Pompei,Incerto,Sì (SEO 85),No (non rilevato),No,3.5,Via Lepanto 143 Pompei. WordPress + WooCommerce (no booking engine esterno). Specialista crocieristi. | PageSpeed mobile: perf=54 seo=85 bp=100. Stack: wordpress|jQuery|WordPress|core-js. Booking engine: non rilevato.,Torres Travel; tour operator incoming e guide center; Pompei (Via Lepanto 143); specialista Pompei e Golfo di Napoli per crocieristi e gruppi; punti forza: Pompei Guide Center con guide multilingue (11+ lingue) - skip-the-line e shore excursions per crocieristi - escursioni Pompei Capri Costiera - transfer ristoranti cooking class trekking - operatore strutturato dal 2001; palette blu Mediterraneo + terracotta pompeiana + sabbia chiara; sezioni: home con ricerca esperienze / escursioni per tema (shore cruise gruppi) / Pompei guide center / destinazioni / prenota online / chi siamo / contatti; lingue IT/EN; tono dinamico professionale rassicurante; CTA 'Prenota la tua escursione'
Grand Hotel Cocumella,https://www.cocumella.com,https://www.google.com/maps/search/?api=1&query=Grand+Hotel+Cocumella+SantAgnello,Hotel 5 stelle (Small Luxury Hotels),1,info@cocumella.com,https://www.cocumella.com/template/cocumella/images/elements/star.svg https://www.cocumella.com/template/cocumella/images/bg/placeholder.jpg?v=798 https://www.cocumella.com/template/cocumella/images/bg/home_intro_bg.png,https://naplesexperiences-netizen.github.io/experiences-demos/demos/grand-hotel-cocumella-demo-experiences/,2026-06-09,2026-06-11,No,Sant'Agnello,Sì (probabile),Sì (SEO 92),No (non rilevato),No,4.0,Storico 1637 SLH. Stack jQuery UI + yepnope = vecchio. Veliero d'epoca per escursioni. | PageSpeed mobile: perf=45 seo=92 bp=96. Stack: jQuery|jQuery UI|Modernizr|yepnope. Booking engine: non rilevato.,Grand Hotel Cocumella; 5 stelle boutique storico (1637) Small Luxury Hotels; Sant'Agnello; dimora di charme tra storia e mare; punti forza: storia secolare - parco e agrumeto - piscina panoramica - ristorante - veliero d'epoca per escursioni - spa; palette crema + verde salvia + legno caldo; sezioni: hero heritage / camere / parco e piscina / dining / esperienze in mare / storia / prenota; lingue IT/EN; tono elegante storico intimo; CTA 'Prenota il tuo soggiorno storico'
Golden Tours International,https://www.goldentours.it,https://www.google.com/maps/search/?api=1&query=Golden+Tours+International+Sorrento,Tour operator / DMC incoming,3,incoming@goldentours.it,https://www.goldentours.it/images/risorsa-4.png?v=04e7 https://www.goldentours.it/images/risorsa-1_823.png?v=a43a https://www.goldentours.it/images/risorsa-6_197.png?v=fcb9,https://naplesexperiences-netizen.github.io/experiences-demos/demos/golden-tours-international-demo-experiences/,2026-06-09,2026-06-11,No,Sorrento,Incerto (stack classico),Sì (SEO 85),Sì (fareharbor),No,2.5,DMC dal 1957 segmento alto/lusso. FareHarbor identificato come engine. | PageSpeed mobile: perf=73 seo=85 bp=92. Stack: Bootstrap|jQuery|WebFont Loader. Booking engine: fareharbor.,Golden Tours International; tour operator DMC dal 1957; Sorrento; incoming alto/lusso per gruppi e individuali; punti forza: 65+ anni esperienza - escursioni Pompei Capri Vesuvio Costiera - hotel 4-5 stelle e ville - servizi premium (elicottero yacht) - rete B2B; palette blu mediterraneo + oro + bianco; sezioni: home / destinazioni e tour / servizi luxury / area B2B / chi siamo / contatti; lingue IT/EN; tono professionale prestigioso; CTA 'Richiedi un preventivo'
Grand Hotel Aminta,https://www.aminta.com,https://www.google.com/maps/search/?api=1&query=Grand+Hotel+Aminta+Sorrento,Hotel 4 stelle,2,info@aminta.it,https://www.aminta.com/images/1405-senza-titolo-13.png?v=fbfc https://www.aminta.com/images/separatore.png?v=e779 https://www.aminta.com/images/separatore.png?v=848c,https://naplesexperiences-netizen.github.io/experiences-demos/demos/grand-hotel-aminta-sorrento-demo-experiences/,2026-06-11,2026-06-11,No,Sorrento,Incerto (stack classico),Sì (SEO 85),No (non rilevato),No,3.5,Sorrento collina panoramica. Bootstrap+jQuery+WebFont (stack misto). No booking engine esterno rilevato in PageSpeed (la prima analisi indicava Ericsoft: verificare). | PageSpeed mobile: perf=56 seo=85 bp=96. Stack: Bootstrap|jQuery|WebFont Loader|core-js. Booking engine: non rilevato.,Grand Hotel Aminta; 4 stelle; Sorrento collina panoramica; resort vista golfo per famiglie e coppie; punti forza: vista panoramica Golfo di Napoli - piscine - navetta centro - ampie sale - ristorante; palette blu + bianco + legno; sezioni: hero vista / camere / piscine / ristorante / eventi / prenota; lingue IT/EN; tono accogliente familiare; CTA 'Prenota ora'
Grand Hotel Cesare Augusto,https://www.hotelcesareaugusto.com,https://www.google.com/maps/search/?api=1&query=Grand+Hotel+Cesare+Augusto+Sorrento,Hotel 4 stelle,1,info@hotelcesareaugusto.com,,https://naplesexperiences-netizen.github.io/experiences-demos/demos/grand-hotel-cesare-augusto-demo-experiences/,2026-06-09,2026-06-11,No,Sorrento,Sì (probabile),Sì (SEO 100),Sì (blastness),No,4.0,120 camere centro Sorrento. Blastness confermato. SEO 100. | PageSpeed mobile: perf=70 seo=100 bp=81. Stack: n/d. Booking engine: blastness.,Grand Hotel Cesare Augusto; 4 stelle 120 camere; Sorrento centro; hotel per gruppi e tour operator; punti forza: posizione centrale - roof garden con piscina - grande capacità per gruppi - ristorante - vicino Piazza Tasso; palette blu + crema + oro; sezioni: hero / camere / roof e piscina / gruppi e tour operator / ristorante / prenota; lingue IT/EN; tono efficiente accogliente; CTA 'Prenota / Richiedi preventivo gruppi'
Hotel Lorelei et Londres,https://www.loreleisorrento.com,https://www.google.com/maps/search/?api=1&query=Hotel+Lorelei+et+Londres+Sorrento,Hotel 5 stelle,2,info@loreleisorrento.com,https://www.loreleisorrento.com/wp-content/themes/lorelei/images/home/roomVertical.jpg https://www.loreleisorrento.com/wp-content/themes/lorelei/images/home/roomsLong.jpg https://www.loreleisorrento.com/wp-content/themes/lorelei/images/home/diningDish.png,https://naplesexperiences-netizen.github.io/experiences-demos/demos/hotel-lorelei-et-londres-demo-experiences/,2026-06-09,2026-06-11,No,Sorrento,No,Sì (SEO 85),No (non rilevato),No,3.0,WordPress + React + WP Rocket (sito moderno). Ristrutturato 2019. Ristorante 1 stella Michelin. | PageSpeed mobile: perf=63 seo=85 bp=100. Stack: wordpress|wp-rocket|react|jQuery|React|WordPress|core-js|WP . Booking engine: non rilevato.,Hotel Lorelei et Londres; 5 stelle boutique; Sorrento fronte mare; dimora rinnovata 2019 con ristorante stellato; punti forza: vista golfo - piscina panoramica - ristorante 1 stella Michelin - terrazza - posizione centrale; palette pastello mediterraneo + oro; sezioni: hero / camere / piscina / ristorante stellato / esperienze / prenota; lingue IT/EN; tono raffinato gastronomico; CTA 'Prenota la tua esperienza'
Grand Hotel La Favorita,https://www.hotellafavorita.com,https://www.google.com/maps/search/?api=1&query=Grand+Hotel+La+Favorita+Sorrento,Hotel 5 stelle,1,info@hotellafavorita.com,https://www.hotellafavorita.com/wp-content/uploads/easter2023-768x768.webp https://www.hotellafavorita.com/wp-content/uploads/ingresso.jpg https://www.hotellafavorita.com/wp-content/uploads/favorita_18-e1689673695861.jpg,https://naplesexperiences-netizen.github.io/experiences-demos/demos/grand-hotel-la-favorita-demo-experiences/,2026-06-09,2026-06-11,No,Sorrento,Sì (probabile),Sì (SEO 100),No (non rilevato),No,4.0,WordPress + jQuery UI. 85 camere. Booking via ermeshotels (non emerso in PageSpeed ma noto). SEO 100. | PageSpeed mobile: perf=62 seo=100 bp=100. Stack: wordpress|jQuery|jQuery UI|WordPress|core-js. Booking engine: non rilevato.,Grand Hotel La Favorita; 5 stelle 85 camere; Sorrento centro; hotel elegante con roof garden; punti forza: posizione centrale - piscina roof con vista - ristorante - spa - eventi e matrimoni; palette oro + avorio + verde; sezioni: hero / camere e suite / roof e piscina / dining / eventi / prenota; lingue IT/EN; tono classico lussuoso; CTA 'Prenota ora'
Grand Hotel Ambasciatori,https://www.ambasciatorisorrento.com,https://www.google.com/maps/search/?api=1&query=Grand+Hotel+Ambasciatori+Sorrento,Hotel 5 stelle (Manniello Hotels),3,ambasciatori@manniellohotels.com,https://www.ambasciatorisorrento.com/wp-content/uploads/sites/344/2024/07/Aperitivo-Mobile-450x900.jpg https://www.ambasciatorisorrento.com/wp-content/uploads/sites/344/2024/07/Aperitivo-Mobile-300x150.jpg,https://naplesexperiences-netizen.github.io/experiences-demos/demos/grand-hotel-ambasciatori-demo-experiences/,2026-06-11,2026-06-11,No,Sorrento,No,Sì (SEO 85),Sì (d-edge|decms),No,2.0,Stack Vue moderno + D-Edge confermato. Sito già rinnovato. | PageSpeed mobile: perf=72 seo=85 bp=100. Stack: jQuery|Lo-Dash|Vue|core-js. Booking engine: d-edge|decms.,Grand Hotel Ambasciatori; 5 stelle; Sorrento a picco sul mare; resort panoramico Manniello con beach club; punti forza: terrazza a picco sul golfo - piscina - ascensore al beach club - ristorante - vista Vesuvio; palette blu profondo + oro + bianco; sezioni: hero scogliera / camere / piscina e beach club / dining / esperienze / prenota; lingue IT/EN; tono elegante panoramico; CTA 'Prenota la tua vista'
Hotel Continental Sorrento,https://www.continentalsorrento.com,https://www.google.com/maps/search/?api=1&query=Hotel+Continental+Sorrento,Hotel 4 stelle,1,info@continentalsorrento.com,https://www.continentalsorrento.com/continental-chiusurafb.jpg https://www.continentalsorrento.com/images/gif-load.gif https://www.continentalsorrento.com/gallery/gallery/hotel-08466UAXKJAYE4M2.jpg,https://naplesexperiences-netizen.github.io/experiences-demos/demos/hotel-continental-sorrento-demo-experiences/,2026-06-09,2026-06-11,No,Sorrento,Sì (probabile),Sì (SEO 85),No (non rilevato),No,4.0,"Stack Bootstrap+jQuery+Modernizr+yepnope (datato). Nessun booking engine rilevato in PageSpeed (la prima ricerca diceva Blastness: verificare). Piscina, terrazza. | PageSpeed mobile: perf=67 seo=85 bp=96. Stack: Bootstrap|jQuery|Modernizr|yepnope. Booking engine: non rilevato.",Hotel Continental Sorrento; 4 stelle; Sorrento centro vicino al porto; hotel panoramico con piscina; punti forza: terrazza panoramica - piscina - vicino Chiostro San Francesco e porto - ristorante; palette blu + bianco; sezioni: hero / camere / piscina e terrazza / ristorante / posizione / prenota; lingue IT/EN; tono accogliente classico; CTA 'Prenota ora'
Hotel Club Sorrento,http://www.hotelclubsorrento.com,https://www.google.com/maps/search/?api=1&query=Hotel+Club+Sorrento+SantAgnello,Hotel 4 stelle,2,info@hotelclubsorrento.com,https://www.hotelclubsorrento.com/images/Flag/IT.png https://www.hotelclubsorrento.com/images/Flag/GB.png https://www.hotelclubsorrento.com/images/trip.png,,2026-06-09,,No,Sant'Agnello,Incerto (stack classico),Parziale (SEO 77),No (non rilevato),No,3.5,Solo Bootstrap+jQuery. SEO basso (77). Nessun engine rilevato (prima ricerca SimpleBooking: verificare). 58 camere a conduzione familiare. | PageSpeed mobile: perf=65 seo=77 bp=74. Stack: Bootstrap|jQuery. Booking engine: non rilevato.,Hotel Club Sorrento; 4 stelle conduzione familiare; Sant'Agnello; hotel intimo con piscina; punti forza: atmosfera familiare - piscina - giardino - vicino al centro - colazione; palette verde + bianco + legno; sezioni: hero / camere / piscina e giardino / servizi / dintorni / prenota; lingue IT/EN; tono familiare caloroso; CTA 'Prenota il tuo soggiorno'
Best Western Hotel La Solara,https://www.lasolara.com,https://www.google.com/maps/search/?api=1&query=Best+Western+Hotel+La+Solara+Sorrento,Hotel 4 stelle (catena BW),3,info@lasolara.com,https://www.lasolara.com/wp-content/uploads/sites/123/2024/07/BW-core-w-768x281.png https://www.lasolara.com/wp-content/uploads/sites/123/2025/01/HOTEL-VIEW-768x512.webp https://www.lasolara.com/wp-content/uploads/sites/123/2025/01/Lounge-Bar10-768x512.webp,https://naplesexperiences-netizen.github.io/experiences-demos/demos/best-western-hotel-la-solara-demo-experiences/,2026-06-09,2026-06-11,No,Sorrento,No,Sì (SEO 92),Sì (triptease),No,2.0,WordPress + Preact + Triptease. Catena Best Western. | PageSpeed mobile: perf=37 seo=92 bp=77. Stack: wordpress|jQuery|jQuery UI|Preact|Moment.js|WordPress|core-j. Booking engine: triptease.,Best Western Hotel La Solara; 4 stelle 58 camere; Sorrento Capo; hotel con piscina e navetta; punti forza: piscina con solarium - navetta centro - parcheggio - ristorante - camere ampie; palette blu + bianco; sezioni: hero / camere / piscina / ristorante / servizi / prenota; lingue IT/EN; tono efficiente moderno; CTA 'Prenota ora' (NB: vincoli brand catena)
Grand Hotel Vesuvio Sorrento,https://www.vesuviosorrento.com,https://www.google.com/maps/search/?api=1&query=Grand+Hotel+Vesuvio+Sorrento,Hotel 4 stelle,2,info@vesuviosorrento.com,https://www.vesuviosorrento.com/thumb/640x/0/66c11e6ea3e4ac1b7ac62a9045a836de/assets/images/public/slider/screen/hotelvesuviosorrento-9_1626797583.jpg.webp https://www.vesuviosorrento.com/thumb/x1088/0/cfe1c74748dba386294d7420cf2b22ae/assets/images/public/items/gallery/big/dsc04909_1700588294.jpg.webp https://www.vesuviosorrento.com/thumb/x1088/0/f08374cae6d477c6028f18c2c4470d3c/assets/images/public/items/gallery/big/dsc05827_1700588411.jpg.webp,,2026-06-09,,No,Sorrento,Incerto (stack classico),Sì (SEO 100),No (non rilevato),No,3.5,Bootstrap+jQuery. Booking diretto (no engine esterno rilevato). Sale congressi. | PageSpeed mobile: perf=65 seo=100 bp=100. Stack: Bootstrap|jQuery|core-js. Booking engine: non rilevato.,Grand Hotel Vesuvio Sorrento; 4 stelle; Sorrento; grande hotel con sale congressi; punti forza: piscina - sale meeting ed eventi - ristorante - vicino centro - parcheggio; palette blu + grigio + bianco; sezioni: hero / camere / piscina / eventi e congressi / ristorante / prenota; lingue IT/EN; tono professionale congressuale; CTA 'Prenota / Richiedi preventivo eventi'
Hotel Antiche Mura Sorrento,https://www.hotelantichemura.com,https://www.google.com/maps/search/?api=1&query=Hotel+Antiche+Mura+Sorrento+Piazza+Tasso,Hotel 4 stelle,1,info@hotelantichemura.com,https://www.hotelantichemura.com/assets/images/layout/endesia-white.svg https://www.hotelantichemura.com/assets/images/positivessl_trust_seal_lg_222x54.png https://www.hotelantichemura.com/assets/images/public/slider/screen/swimming08-1920x1080_1562165772.jpg,https://naplesexperiences-netizen.github.io/experiences-demos/demos/hotel-antiche-mura-sorrento-demo-experiences/,2026-06-09,2026-06-11,No,Sorrento,Sì (probabile),Parziale (SEO 83),No (non rilevato),No,4.0,Bootstrap+jQuery+yepnope (stack misto). Piazza Tasso. Nessun engine in PageSpeed (prima ricerca SimpleBooking hid=431: probabile). | PageSpeed mobile: perf=76 seo=83 bp=96. Stack: Bootstrap|jQuery|yepnope. Booking engine: non rilevato.,Hotel Antiche Mura Sorrento; 4 stelle; Sorrento Piazza Tasso; hotel di charme nel centro storico; punti forza: posizione premium centro storico - piscina nel vallone dei mulini - agrumeto - ristorante; palette ocra + verde agrume + crema; sezioni: hero / camere / piscina e giardino / ristorante / posizione / prenota; lingue IT/EN; tono elegante centrale; CTA 'Prenota ora'
HP Travel,https://www.hptravel.it,https://www.google.com/maps/search/?api=1&query=HP+Travel+Ercolano,Tour operator incoming,3,info@hptravel.it,https://www.hptravel.it/wp-content/uploads/2024/02/sorrento-italy_hp-travel.jpg https://www.hptravel.it/wp-content/uploads/2024/02/sorrento-italy_hp-travel.webp,,2026-06-09,,No,Ercolano,No,Sì (SEO 92),Sì (getyourguide),No,2.0,WordPress + WP Rocket. GetYourGuide identificato come distributore. Base Ercolano. | PageSpeed mobile: perf=72 seo=92 bp=100. Stack: wordpress|wp-rocket|jQuery|jQuery UI|WordPress|core-js|WP Ro. Booking engine: getyourguide.,HP Travel; tour operator escursioni e transfer; Ercolano; incoming per Costiera Capri Pompei; punti forza: escursioni e transfer su misura - guide - prenotazione online - copertura golfo e costiera; palette blu + arancio; sezioni: home con ricerca tour / escursioni / transfer / prenota online / chi siamo / contatti; lingue IT/EN; tono dinamico; CTA 'Prenota online'
Sorrento Tourist Office,https://www.sorrentotouristoffice.com,https://www.google.com/maps/search/?api=1&query=Sorrento+Tourist+Office,Web tour operator / agenzia viaggi,2,info@sorrentotouristoffice.com,https://www.sorrentotouristoffice.com/foto-escursioni/thumbs/capri-and-blue-grotto-boat-tour-prime-experience-with-max-8-guests_1648029012.jpg https://www.sorrentotouristoffice.com/foto-escursioni/thumbs/due-golfi-train-tour-am_1771229220.jpg https://www.sorrentotouristoffice.com/foto-escursioni/thumbs/positano-amalfi-ravello-sharing_1748342267.jpg,,2026-06-09,,No,Sorrento,Sì (probabile),Parziale (SEO 75),No (non rilevato),No,3.0,Bootstrap+jQuery+jQuery UI. SEO 75. E-commerce escursioni con sezione Luxury. | PageSpeed mobile: perf=60 seo=75 bp=100. Stack: Bootstrap|jQuery|jQuery UI|core-js. Booking engine: non rilevato.,Sorrento Tourist Office; agenzia/web tour operator; Sorrento; booking online escursioni e transfer; punti forza: e-commerce escursioni - sezione luxury - transfer e tour - pagamenti online; palette blu + bianco + oro; sezioni: home / escursioni / luxury / transfer / prenota / contatti; lingue IT/EN; tono pratico orientato al booking; CTA 'Prenota la tua escursione'
Hotel Bellevue Syrene,https://www.bellevue.it,https://www.google.com/maps/search/?api=1&query=Hotel+Bellevue+Syrene+Sorrento,Hotel 5 stelle (Relais & Chateaux),5,info@bellevue.it,https://www.bellevue.it/images/relais-chateaux_w.svg https://www.bellevue.it/images/relais-chateaux_g.svg https://www.bellevue.it/images/gallery/suites-rooms/hotel-sul-mare-sorrento_001.jpg,,2026-06-09,,No,Sorrento,Sì (probabile),Sì (SEO 92),No (non rilevato),Sì,4.0,Joomla. 49 camere. Vertical Booking + blog news-events presente. Da escludere. | PageSpeed mobile: perf=57 seo=92 bp=96. Stack: joomla|jQuery|Joomla. Booking engine: non rilevato.,(escluso - Joomla con blog e Vertical Booking) Hotel Bellevue Syrene; 5 stelle Relais & Chateaux; Sorrento.
Ara Maris Sorrento,https://www.aramarishotel.com,https://www.google.com/maps/search/?api=1&query=Ara+Maris+Hotel+Sorrento,Hotel 5 stelle lusso,5,info@aramarishotel.com,,,2026-06-09,,No,Sorrento,Sì (probabile),Sì (SEO 100),Sì (blastness),No,3.0,Aperto 2024 sito nuovo. Blastness confermato. | PageSpeed mobile: perf=61 seo=100 bp=77. Stack: n/d. Booking engine: blastness.,(escluso - struttura e sito nuovi 2024 con Blastness) Ara Maris; 5 stelle lusso; Sorrento.
Grand Hotel Riviera Sorrento,https://www.hotelriviera.com,https://www.google.com/maps/search/?api=1&query=Grand+Hotel+Riviera+Sorrento,Hotel 4 stelle,5,info@hotelriviera.com,,,2026-06-09,,No,Sorrento,Sì (probabile),Sì (SEO 100),Sì (benvenuto|blastness),No,4.0,Gruppo Benvenuto Collection + Blastness. SEO 100. Spiaggia privata. | PageSpeed mobile: perf=86 seo=100 bp=77. Stack: n/d. Booking engine: benvenuto|blastness.,(escluso - CMS Benvenuto Collection moderno + Blastness) Grand Hotel Riviera; 4 stelle; Sorrento.
Hotel Tirrenia Sorrento,https://www.hoteltirrenia.com,https://www.google.com/maps/search/?api=1&query=Hotel+Tirrenia+Sorrento,Hotel 4 stelle,5,info@hoteltirrenia.com,,,2026-06-09,,No,Sorrento,Sì (probabile),Sì (SEO 100),Sì (benvenuto|blastness),No,3.0,Gruppo Benvenuto Collection + Blastness. SEO 100. Piscina infinity. | PageSpeed mobile: perf=85 seo=100 bp=77. Stack: n/d. Booking engine: benvenuto|blastness.,(escluso - CMS Benvenuto Collection moderno + Blastness) Hotel Tirrenia; 4 stelle; Sorrento.
Sorrento Insider / Gray Line,https://www.sorrentoinsider.com,https://www.google.com/maps/search/?api=1&query=Sorrento+Insider+Gray+Line,Marketplace/portale escursioni,5,info@iammeia.com,https://www.sorrentoinsider.com/_next/image?url=%2Fsorrentoinsider%2Fnav%2Fone-day.jpg&w=640&q=75 https://www.sorrentoinsider.com/_next/image?url=%2Fsorrentoinsider%2Fnav%2Fcapri-tours.jpg&w=640&q=75 https://www.sorrentoinsider.com/_next/image?url=%2Fsorrentoinsider%2Fnav%2Fgetting-here.jpg&w=640&q=75,,2026-06-09,,No,Sorrento,Sì (probabile),Sì (SEO 92),No (non rilevato),Sì,3.0,Piattaforma Regiondo moderna aggregatore. Funziona da guida. | PageSpeed mobile: perf=61 seo=92 bp=92. Stack: n/d. Booking engine: non rilevato.,(escluso - marketplace Regiondo moderno) Sorrento Insider / Gray Line.
Grand Hotel La Pace,https://www.ghlapace.com,https://www.google.com/maps/search/?api=1&query=Grand+Hotel+La+Pace+Sant%27Agnello,Hotel 5 stelle,1,info@ghlapace.com,https://www.ghlapace.com/wp-content/uploads/2022/04/grand-hotel-la-pace-sorrento.jpg https://www.ghlapace.com/wp-content/uploads/2022/06/barlapace1.jpg,https://naplesexperiences-netizen.github.io/experiences-demos/demos/grand-hotel-la-pace-demo-experiences/,2026-06-10,2026-06-11,No,Sant'Agnello,Sì (probabile),Sì (SEO 100),No (non rilevato),Incerto,4.5,Via Tordara 10 hotel di lusso con spa e piscine. | PageSpeed mobile: perf=69 seo=100 bp=100. Stack: wordpress|jQuery|jQuery UI|WordPress|core-js. Booking engine: non rilevato. LUSSO(plus). Blog non ancora verificato (conteggiato 0.5).,Grand Hotel La Pace; Hotel 5 stelle; Sant'Agnello; Via Tordara 10 hotel di lusso con spa e piscine; palette mediterranea su misura; sezioni: hero / camere-servizi / esperienze / posizione / contatti-prenota; lingue IT/EN; tono coerente col segmento; CTA 'Prenota ora / Richiedi disponibilità'
Hotel Caravel,https://www.hotelcaravel.com,https://www.google.com/maps/search/?api=1&query=Hotel+Caravel+Sant%27Agnello,Hotel 4 stelle,2,,https://www.hotelcaravel.com/images/public/slider/mobile-big/top_1510844517.jpg https://www.hotelcaravel.com/images/public/slider/mobile-big/foto-2_1512647149.jpg https://www.hotelcaravel.com/images/public/slider/mobile-big/superior-sea-view-423_1512647148.jpg,,2026-06-10,,No,Sant'Agnello,Sì (probabile),Parziale (SEO 77),No (non rilevato),Incerto,3.5,Corso M. Crawford 61 hotel elegante fronte costa. | PageSpeed mobile: perf=75 seo=77 bp=100. Stack: jQuery|jQuery UI|jQuery Mobile. Booking engine: non rilevato. Blog non ancora verificato (conteggiato 0.5).,Hotel Caravel; Hotel 4 stelle; Sant'Agnello; Corso M. Crawford 61 hotel elegante fronte costa; palette mediterranea su misura; sezioni: hero / camere-servizi / esperienze / posizione / contatti-prenota; lingue IT/EN; tono coerente col segmento; CTA 'Prenota ora / Richiedi disponibilità'
Hotel Crawford,https://www.hotelcrawford.it,https://www.google.com/maps/search/?api=1&query=Hotel+Crawford+Sant%27Agnello,Hotel 4 stelle,2,reservations@hotelcrawford.com,https://www.hotelcrawford.it/templates/crawford/images/1465308036_Hotel-Crawford-slide-1.jpg https://www.hotelcrawford.it/templates/crawford/images/1465308047_Hotel-Crawford-slide-2.jpg https://www.hotelcrawford.it/templates/crawford/images/1465308055_Hotel-Crawford-slide-3.jpg,https://naplesexperiences-netizen.github.io/experiences-demos/demos/hotel-crawford-santagnello-demo-experiences/,2026-06-11,2026-06-11,No,Sant'Agnello,Sì (probabile),Parziale (SEO 83),No (non rilevato),Incerto,3.5,Corso M. Crawford 77 rinnovato 2016 terrazza panoramica. | PageSpeed mobile: perf=53 seo=83 bp=73. Stack: jQuery|jQuery UI|Modernizr|yepnope. Booking engine: non rilevato. Blog non ancora verificato (conteggiato 0.5).,Hotel Crawford; Hotel 4 stelle; Sant'Agnello; Corso M. Crawford 77 rinnovato 2016 terrazza panoramica; palette mediterranea su misura; sezioni: hero / camere-servizi / esperienze / posizione / contatti-prenota; lingue IT/EN; tono coerente col segmento; CTA 'Prenota ora / Richiedi disponibilità'
Hotel Corallo,https://www.hotelcorallosorrento.com,https://www.google.com/maps/search/?api=1&query=Hotel+Corallo+Sant%27Agnello,Hotel 4 stelle,3,,https://www.hotelcorallosorrento.com/ico_shop.svg https://www.hotelcorallosorrento.com/ico_phone.svg https://www.hotelcorallosorrento.com/ico_pencil.svg,,2026-06-10,,No,Sant'Agnello,No,Sì (SEO 91),No (non rilevato),Incerto,2.5,A 2 km da Sorrento struttura familiare. | PageSpeed mobile: perf=52 seo=91 bp=92. Stack: gatsby|react|React|Gatsby|Workbox|core-js. Booking engine: non rilevato. Blog non ancora verificato (conteggiato 0.5).,Hotel Corallo; Hotel 4 stelle; Sant'Agnello; A 2 km da Sorrento struttura familiare; palette mediterranea su misura; sezioni: hero / camere-servizi / esperienze / posizione / contatti-prenota; lingue IT/EN; tono coerente col segmento; CTA 'Prenota ora / Richiedi disponibilità'
Hotel Angelina,https://www.hotelangelinasorrento.com,https://www.google.com/maps/search/?api=1&query=Hotel+Angelina+Sant%27Agnello,Hotel 2 stelle,3,info@hotelangelinasorrento.com,https://www.hotelangelinasorrento.com/images/Flag/IT.png https://www.hotelangelinasorrento.com/images/Flag/GB.png https://www.hotelangelinasorrento.com/images/scroll.png,,2026-06-10,,No,Sant'Agnello,Incerto (stack classico),Sì (SEO 92),No (non rilevato),Incerto,2.0,Via Cappuccini 34 hotel familiare a conduzione diretta. | PageSpeed mobile: perf=43 seo=92 bp=92. Stack: Bootstrap|jQuery. Booking engine: non rilevato. Blog non ancora verificato (conteggiato 0.5).,Hotel Angelina; Hotel 2 stelle; Sant'Agnello; Via Cappuccini 34 hotel familiare a conduzione diretta; palette mediterranea su misura; sezioni: hero / camere-servizi / esperienze / posizione / contatti-prenota; lingue IT/EN; tono coerente col segmento; CTA 'Prenota ora / Richiedi disponibilità'
Vestours,https://www.vestours.com,https://www.google.com/maps/search/?api=1&query=Vestours+Sant%27Agnello,Tour operator,2,info@vestours.com,https://www.vestours.com/gallery/gallery/1600/3g84sjijfa4g04c8wc.jpg https://www.vestours.com/gallery/thumbs/h430c2cpp40gko088.jpg https://www.vestours.com/images/lw.gif,https://naplesexperiences-netizen.github.io/experiences-demos/demos/vestours-santagnello-demo-experiences/,2026-06-11,2026-06-11,No,Sant'Agnello,Incerto (stack classico),Parziale (SEO 82),No (non rilevato),Incerto,3.0,Corso Italia 15/A tour Costiera Capri Sicilia Puglia. | PageSpeed mobile: perf=60 seo=82 bp=77. Stack: Bootstrap|jQuery. Booking engine: non rilevato. Blog non ancora verificato (conteggiato 0.5).,Vestours; Tour operator; Sant'Agnello; Corso Italia 15/A tour Costiera Capri Sicilia Puglia; palette mediterranea su misura; sezioni: hero / camere-servizi / esperienze / posizione / contatti-prenota; lingue IT/EN; tono coerente col segmento; CTA 'Prenota ora / Richiedi disponibilità'
Karsana Travel,https://karsanatravel.it,https://www.google.com/maps/search/?api=1&query=Karsana+Travel+Sant%27Agnello,Tour operator,2,info@karsanatravel.com,https://karsanatravel.it/images/english-flag.png https://karsanatravel.it/images/french-flag.png https://karsanatravel.it/images/yootheme/slide/amalfi_coast_karsanatravel.jpg,https://naplesexperiences-netizen.github.io/experiences-demos/demos/karsana-travel-santagnello-demo-experiences/,2026-06-11,2026-06-11,No,Sant'Agnello,Sì (probabile),Sì (SEO 92),No (non rilevato),Incerto,3.5,Via Maiano 8 tour operator con 28 anni di esperienza. | PageSpeed mobile: perf=39 seo=92 bp=92. Stack: joomla|jQuery|Joomla. Booking engine: non rilevato. Blog non ancora verificato (conteggiato 0.5).,Karsana Travel; Tour operator; Sant'Agnello; Via Maiano 8 tour operator con 28 anni di esperienza; palette mediterranea su misura; sezioni: hero / camere-servizi / esperienze / posizione / contatti-prenota; lingue IT/EN; tono coerente col segmento; CTA 'Prenota ora / Richiedi disponibilità'
Sopramare Resort,https://www.sopramareresort.it,https://www.google.com/maps/search/?api=1&query=Sopramare+Resort+Piano+di+Sorrento,Resort 4 stelle,2,reservation@sopramareresort.it,,,2026-06-10,,No,Piano di Sorrento,Sì (probabile),Sì (SEO 92),Sì (blastness),Incerto,3.5,Via Madonna di Roselle 52 vista Marina di Cassano e Meta. | PageSpeed mobile: perf=90 seo=92 bp=77. Stack: n/d. Booking engine: blastness. Blog non ancora verificato (conteggiato 0.5).,Sopramare Resort; Resort 4 stelle; Piano di Sorrento; Via Madonna di Roselle 52 vista Marina di Cassano e Meta; palette mediterranea su misura; sezioni: hero / camere-servizi / esperienze / posizione / contatti-prenota; lingue IT/EN; tono coerente col segmento; CTA 'Prenota ora / Richiedi disponibilità'
Hotel Cosmomare,https://www.cosmomare.it,https://www.google.com/maps/search/?api=1&query=Hotel+Cosmomare+Piano+di+Sorrento,Hotel 3 stelle,2,info@cosmomare.it,https://www.cosmomare.it/wp-content/uploads/Emblem_of_Italy.svg_-768x874.png https://www.cosmomare.it/wp-content/uploads/IMG_3867-scaled.jpg,,2026-06-10,,No,Piano di Sorrento,Sì (probabile),Sì (SEO 92),No (non rilevato),Incerto,3.5,Via Ripa di Cassano 43 vista mare diretta. | PageSpeed mobile: perf=66 seo=92 bp=100. Stack: wordpress|jQuery|jQuery UI|WordPress|core-js. Booking engine: non rilevato. Blog non ancora verificato (conteggiato 0.5).,Hotel Cosmomare; Hotel 3 stelle; Piano di Sorrento; Via Ripa di Cassano 43 vista mare diretta; palette mediterranea su misura; sezioni: hero / camere-servizi / esperienze / posizione / contatti-prenota; lingue IT/EN; tono coerente col segmento; CTA 'Prenota ora / Richiedi disponibilità'
Hotel Klein Wien,https://www.kleinwien.it,https://www.google.com/maps/search/?api=1&query=Hotel+Klein+Wien+Piano+di+Sorrento,Hotel 3 stelle,2,info@kleinwien.it,https://www.kleinwien.it/wp-content/plugins/sitepress-multilingual-cms/res/flags/it.png https://www.kleinwien.it/wp-content/plugins/sitepress-multilingual-cms/res/flags/en.png https://www.kleinwien.it/wp-content/plugins/sitepress-multilingual-cms/res/flags/de.png,,2026-06-10,,No,Piano di Sorrento,Sì (probabile),Sì (SEO 100),No (non rilevato),Incerto,3.5,Via Ripa di Cassano 45 struttura piccola a gestione familiare. | PageSpeed mobile: perf=56 seo=100 bp=100. Stack: wordpress|jQuery|Modernizr|yepnope|WordPress. Booking engine: non rilevato. Blog non ancora verificato (conteggiato 0.5).,Hotel Klein Wien; Hotel 3 stelle; Piano di Sorrento; Via Ripa di Cassano 45 struttura piccola a gestione familiare; palette mediterranea su misura; sezioni: hero / camere-servizi / esperienze / posizione / contatti-prenota; lingue IT/EN; tono coerente col segmento; CTA 'Prenota ora / Richiedi disponibilità'
Hotel Soleluna,https://www.hotelsoleluna.com,https://www.google.com/maps/search/?api=1&query=Hotel+Soleluna+Piano+di+Sorrento,Hotel 3 stelle,2,,https://www.hotelsoleluna.com/wp-content/plugins/sitepress-multilingual-cms/res/flags/it.png https://www.hotelsoleluna.com/wp-content/plugins/sitepress-multilingual-cms/res/flags/en.png https://www.hotelsoleluna.com/wp-content/uploads/2017/04/slider_08.jpg,,2026-06-10,,No,Piano di Sorrento,Sì (probabile),Sì (SEO 85),No (non rilevato),Incerto,3.5,Via Madonna di Rosella 29 hotel nel centro. | PageSpeed mobile: perf=53 seo=85 bp=88. Stack: wordpress|jQuery|jQuery UI|FlexSlider|WordPress|core-js. Booking engine: non rilevato. Blog non ancora verificato (conteggiato 0.5).,Hotel Soleluna; Hotel 3 stelle; Piano di Sorrento; Via Madonna di Rosella 29 hotel nel centro; palette mediterranea su misura; sezioni: hero / camere-servizi / esperienze / posizione / contatti-prenota; lingue IT/EN; tono coerente col segmento; CTA 'Prenota ora / Richiedi disponibilità'
Villa Iolanda,https://www.villaiolandasorrento.com,https://www.google.com/maps/search/?api=1&query=Villa+Iolanda+Piano+di+Sorrento,B&B,3,,https://www.villaiolandasorrento.com/wp-content/uploads/2019/01/cropped-villaiolandasorrentolavert_03-768x461.jpg https://www.villaiolandasorrento.com/wp-content/uploads/2018/12/Villa-Iolanda-struttura-esterna-01-768x461.jpg https://www.villaiolandasorrento.com/wp-content/uploads/2019/01/villa-iolanda-027-2000x1200.jpg,,2026-06-10,,No,Piano di Sorrento,Incerto,Sì (SEO 92),No (non rilevato),Incerto,2.0,Via Amalfi Carlo 34 vicino stazione e mare. | PageSpeed mobile: perf=83 seo=92 bp=100. Stack: wordpress|jQuery|WordPress. Booking engine: non rilevato. Blog non ancora verificato (conteggiato 0.5).,Villa Iolanda; B&B; Piano di Sorrento; Via Amalfi Carlo 34 vicino stazione e mare; palette mediterranea su misura; sezioni: hero / camere-servizi / esperienze / posizione / contatti-prenota; lingue IT/EN; tono coerente col segmento; CTA 'Prenota ora / Richiedi disponibilità'
Bed and Lemons,https://bedandlemons.it,https://www.google.com/maps/search/?api=1&query=Bed+and+Lemons+Piano+di+Sorrento,B&B,3,,https://bedandlemons.it/themes/bedlemons/assets/images/flag/united%20kingdom.png https://bedandlemons.it/themes/bedlemons/assets/images/flag/italy.png https://bedandlemons.it/themes/bedlemons/assets/images/flag/france.png,,2026-06-10,,No,Piano di Sorrento,Sì (probabile),Parziale (SEO 83),No (non rilevato),Incerto,2.5,Via San Liborio 11 villa con limoneto. | PageSpeed mobile: perf=46 seo=83 bp=96. Stack: octobercms|Bootstrap|jQuery|jQuery UI|Isotope|FlexSlider|Oct. Booking engine: non rilevato. Blog non ancora verificato (conteggiato 0.5).,Bed and Lemons; B&B; Piano di Sorrento; Via San Liborio 11 villa con limoneto; palette mediterranea su misura; sezioni: hero / camere-servizi / esperienze / posizione / contatti-prenota; lingue IT/EN; tono coerente col segmento; CTA 'Prenota ora / Richiedi disponibilità'
Hotel Giosue a Mare,https://www.giosueamare.it,https://www.google.com/maps/search/?api=1&query=Hotel+Giosue+a+Mare+Meta+di+Sorrento,Hotel 4 stelle,2,info@giosueamare.it,https://www.giosueamare.it/media/upload/images/suite/Elegance.webp https://www.giosueamare.it/media/upload/images/suite/SUITE_1951-scaled.webp https://www.giosueamare.it/media/upload/images/deluxe/Camera-Deluxe-001-1.webp,https://naplesexperiences-netizen.github.io/experiences-demos/demos/hotel-giosue-a-mare-meta-sorrento-demo-experiences/,2026-06-11,2026-06-11,No,Meta di Sorrento,Sì (probabile),Sì (SEO 92),No (non rilevato),Incerto,3.5,Via A. Caruso 2 fronte mare con piscina e ristorante. | PageSpeed mobile: perf=94 seo=92 bp=96. Stack: n/d. Booking engine: non rilevato. Blog non ancora verificato (conteggiato 0.5).,Hotel Giosue a Mare; Hotel 4 stelle; Meta di Sorrento; Via A. Caruso 2 fronte mare con piscina e ristorante; palette mediterranea su misura; sezioni: hero / camere-servizi / esperienze / posizione / contatti-prenota; lingue IT/EN; tono coerente col segmento; CTA 'Prenota ora / Richiedi disponibilità'
Panorama Palace Hotel,https://www.hotelpanoramapalace.it,https://www.google.com/maps/search/?api=1&query=Panorama+Palace+Hotel+Meta+di+Sorrento,Hotel 4 stelle,2,info@hotelpanoramapalace.it,https://www.hotelpanoramapalace.it/images/large/112_camere-superior-hotel-panorama-palace-1.jpg?v=90ab https://www.hotelpanoramapalace.it/images/large/116_piscina-hotel-panorama-palace-4.jpg?v=a831 https://www.hotelpanoramapalace.it/images/large/119_solarium-hotel-panorama-palace-72_621.jpg?v=a831,https://naplesexperiences-netizen.github.io/experiences-demos/demos/panorama-palace-hotel-meta-sorrento-demo-experiences/,2026-06-11,2026-06-11,No,Meta di Sorrento,Incerto (stack classico),Sì (SEO 92),No (non rilevato),Incerto,3.0,Piazza Scarpati 1 con museo archeologico vista Golfo. | PageSpeed mobile: perf=62 seo=92 bp=96. Stack: Bootstrap|jQuery|WebFont Loader. Booking engine: non rilevato. Blog non ancora verificato (conteggiato 0.5).,Panorama Palace Hotel; Hotel 4 stelle; Meta di Sorrento; Piazza Scarpati 1 con museo archeologico vista Golfo; palette mediterranea su misura; sezioni: hero / camere-servizi / esperienze / posizione / contatti-prenota; lingue IT/EN; tono coerente col segmento; CTA 'Prenota ora / Richiedi disponibilità'
Bleu Village Resort & Residence,https://www.bleuvillage.com,https://www.google.com/maps/search/?api=1&query=Bleu+Village+Resort+%26+Residence+Meta+di+Sorrento,Resort & Residence,1,info@bleuvillage.com,https://www.bleuvillage.com/images/large/tbg1290_piscina-bleu-village-meta.jpg?v=ffe5 https://www.bleuvillage.com/images/large/tbg145_bleu-village-holiday-village-38_673.jpg?v=d0af https://www.bleuvillage.com/images/large/tbg607_quotation-marks-3.png?v=37b5,https://naplesexperiences-netizen.github.io/experiences-demos/demos/bleu-village-resort-residence-demo-experiences/,2026-06-10,2026-06-11,No,Meta di Sorrento,Incerto (stack classico),Sì (SEO 92),No (non rilevato),Incerto,4.0,Via Francesco Caracciolo 199 villaggio turistico con bungalow. | PageSpeed mobile: perf=61 seo=92 bp=96. Stack: Bootstrap|jQuery|WebFont Loader. Booking engine: non rilevato. Blog non ancora verificato (conteggiato 0.5).,Bleu Village Resort & Residence; Resort & Residence; Meta di Sorrento; Via Francesco Caracciolo 199 villaggio turistico con bungalow; palette mediterranea su misura; sezioni: hero / camere-servizi / esperienze / posizione / contatti-prenota; lingue IT/EN; tono coerente col segmento; CTA 'Prenota ora / Richiedi disponibilità'
Hotel Capo La Gala,https://www.hotelcapolagala.com,https://www.google.com/maps/search/?api=1&query=Hotel+Capo+La+Gala+Vico+Equense,Hotel 5 stelle,2,info@hotelcapolagala.com,,https://naplesexperiences-netizen.github.io/experiences-demos/demos/hotel-capo-la-gala-vico-equense-demo-experiences/,2026-06-10,,No,Vico Equense,Sì (probabile),Sì (SEO 100),Sì (blastness),Incerto,3.5,Via Luigi Serio 8 lusso wellness sul mare. | PageSpeed mobile: perf=89 seo=100 bp=77. Stack: n/d. Booking engine: blastness. LUSSO(plus). Blog non ancora verificato (conteggiato 0.5).,Hotel Capo La Gala; Hotel 5 stelle; Vico Equense; Via Luigi Serio 8 lusso wellness sul mare; palette mediterranea su misura; sezioni: hero / camere-servizi / esperienze / posizione / contatti-prenota; lingue IT/EN; tono coerente col segmento; CTA 'Prenota ora / Richiedi disponibilità'
Hotel Mary,https://www.hotelmaryvico.com,https://www.google.com/maps/search/?api=1&query=Hotel+Mary+Vico+Equense,Hotel 4 stelle,2,info@hotelmaryvico.com,https://www.hotelmaryvico.com/assets/images/layout/vico-equense.jpg https://www.hotelmaryvico.com/assets/images/layout/endesia.svg https://www.hotelmaryvico.com/assets/images/layout/water.png,https://naplesexperiences-netizen.github.io/experiences-demos/demos/hotel-mary-vico-equense-demo-experiences/,2026-06-10,,No,Vico Equense,Sì (probabile),Sì (SEO 100),No (non rilevato),Incerto,3.5,Via Filangieri 132 posizione panoramica vicino al mare. | PageSpeed mobile: perf=66 seo=100 bp=100. Stack: Bootstrap|jQuery|yepnope|core-js. Booking engine: non rilevato. Blog non ancora verificato (conteggiato 0.5).,Hotel Mary; Hotel 4 stelle; Vico Equense; Via Filangieri 132 posizione panoramica vicino al mare; palette mediterranea su misura; sezioni: hero / camere-servizi / esperienze / posizione / contatti-prenota; lingue IT/EN; tono coerente col segmento; CTA 'Prenota ora / Richiedi disponibilità'
Eden Bleu Hotel,https://www.edenbleuhotel.it,https://www.google.com/maps/search/?api=1&query=Eden+Bleu+Hotel+Vico+Equense,Hotel 4 stelle,3,info@edenbleuhotel.it,https://www.edenbleuhotel.it/templates/splashpage/images/freccia_next.png https://www.edenbleuhotel.it/templates/splashpage/images/freccia_prev.png https://www.edenbleuhotel.it/templates/splashpage/images/freccia.png,,2026-06-10,,No,Vico Equense,Sì (probabile),Sì (SEO 92),Sì (blastness),Incerto,2.5,Via Murrano 17 Marina d'Aequa fronte mare. | PageSpeed mobile: perf=82 seo=92 bp=73. Stack: jQuery|jQuery UI|Isotope. Booking engine: blastness. Blog non ancora verificato (conteggiato 0.5).,Eden Bleu Hotel; Hotel 4 stelle; Vico Equense; Via Murrano 17 Marina d'Aequa fronte mare; palette mediterranea su misura; sezioni: hero / camere-servizi / esperienze / posizione / contatti-prenota; lingue IT/EN; tono coerente col segmento; CTA 'Prenota ora / Richiedi disponibilità'
Aequa Hotel,https://www.aequahotel.net,https://www.google.com/maps/search/?api=1&query=Aequa+Hotel+Vico+Equense,Hotel 3 stelle,3,info@aequahotel.net,https://www.aequahotel.net/wp-content/uploads/2025/06/DJI_0286-2-768x1152.jpg https://www.aequahotel.net/wp-content/uploads/2025/06/DJI_0284-768x1365.jpg https://www.aequahotel.net/wp-content/uploads/2025/06/DSC0513-768x1152.jpg,,2026-06-10,,No,Vico Equense,Sì (probabile),Sì (SEO 85),Sì (simplebooking),Incerto,2.5,Via Filangieri 46 struttura cittadina. | PageSpeed mobile: perf=60 seo=85 bp=92. Stack: wordpress|jQuery|jQuery UI|Isotope|Can|FlexSlider|WordPress|. Booking engine: simplebooking. Blog non ancora verificato (conteggiato 0.5).,Aequa Hotel; Hotel 3 stelle; Vico Equense; Via Filangieri 46 struttura cittadina; palette mediterranea su misura; sezioni: hero / camere-servizi / esperienze / posizione / contatti-prenota; lingue IT/EN; tono coerente col segmento; CTA 'Prenota ora / Richiedi disponibilità'
Hotel Sporting,https://www.hotel-sporting.it,https://www.google.com/maps/search/?api=1&query=Hotel+Sporting+Vico+Equense,Hotel 4 stelle,2,info@hotel-sporting.it,https://www.hotel-sporting.it/thumb/640x/0/00fc076cf835c3179904cbb10b9859e4/assets/images/public/slider/screen/hotel-sporting-vico-equense_u3_t1668686828.jpg.webp https://www.hotel-sporting.it/assets/video/poster/hotel-sporting.jpg.webp https://www.hotel-sporting.it/assets/images/layout/fragola-200x.png,,2026-06-10,,No,Vico Equense,Sì (probabile),Sì (SEO 100),No (non rilevato),Incerto,3.5,Via Filangieri 120 49 camere con spiaggia privata vista Vesuvio. | PageSpeed mobile: perf=71 seo=100 bp=100. Stack: n/d. Booking engine: non rilevato. Blog non ancora verificato (conteggiato 0.5).,Hotel Sporting; Hotel 4 stelle; Vico Equense; Via Filangieri 120 49 camere con spiaggia privata vista Vesuvio; palette mediterranea su misura; sezioni: hero / camere-servizi / esperienze / posizione / contatti-prenota; lingue IT/EN; tono coerente col segmento; CTA 'Prenota ora / Richiedi disponibilità'
Hotel Astoria,https://www.hotelastoriavico.it,https://www.google.com/maps/search/?api=1&query=Hotel+Astoria+Vico+Equense,Hotel 3 stelle,2,prenotazioni@astoriavico.com,https://www.hotelastoriavico.it/wp-content/plugins/revslider/public/assets/assets/dummy.png https://www.hotelastoriavico.it/wp-content/uploads/2022/01/dettaglio-reception-768x512.jpg https://www.hotelastoriavico.it/wp-content/uploads/2022/01/singola-1024x680.jpg,,2026-06-10,,No,Vico Equense,Incerto,Sì (SEO 92),No (non rilevato),Incerto,3.0,Corso Filangieri 22 hotel nel centro. | PageSpeed mobile: perf=63 seo=92 bp=73. Stack: wordpress|jQuery|WordPress|core-js. Booking engine: non rilevato. Blog non ancora verificato (conteggiato 0.5).,Hotel Astoria; Hotel 3 stelle; Vico Equense; Corso Filangieri 22 hotel nel centro; palette mediterranea su misura; sezioni: hero / camere-servizi / esperienze / posizione / contatti-prenota; lingue IT/EN; tono coerente col segmento; CTA 'Prenota ora / Richiedi disponibilità'
Maison Montechiaro,https://www.maisonmontechiaro.com,https://www.google.com/maps/search/?api=1&query=Maison+Montechiaro+Vico+Equense,B&B / Maison,4,info@maisonmontechiaro.com,,,2026-06-10,,No,Vico Equense,Sì (probabile),Sì (SEO 100),Sì (blastness),Incerto,1.5,Via Cappella del Monte 17 vista mare da terrazza panoramica. | PageSpeed mobile: perf=80 seo=100 bp=81. Stack: n/d. Booking engine: blastness. Blog non ancora verificato (conteggiato 0.5).,Maison Montechiaro; B&B / Maison; Vico Equense; Via Cappella del Monte 17 vista mare da terrazza panoramica; palette mediterranea su misura; sezioni: hero / camere-servizi / esperienze / posizione / contatti-prenota; lingue IT/EN; tono coerente col segmento; CTA 'Prenota ora / Richiedi disponibilità'
Villa Agostino,https://www.villaagostino.it,https://www.google.com/maps/search/?api=1&query=Villa+Agostino+Vico+Equense,B&B luxury,3,,https://www.villaagostino.it/wp-content/plugins/sitepress-multilingual-cms/res/flags/en.svg https://www.villaagostino.it/wp-content/plugins/sitepress-multilingual-cms/res/flags/it.svg https://www.villaagostino.it/wp-content/uploads/2025/04/Villa-Agostino-Vico-Equense-Luxury-bb-Accomodation-Rooms-Sorrento-Coast-93-.webp,,2026-06-10,,No,Vico Equense,Sì (probabile),Sì (SEO 92),No (non rilevato),Incerto,2.5,Via Bonea 32 residenza 800 con 3 camere segmento luxury. | PageSpeed mobile: perf=62 seo=92 bp=100. Stack: wordpress|jQuery|jQuery UI|WordPress|core-js. Booking engine: non rilevato. LUSSO(plus). Blog non ancora verificato (conteggiato 0.5).,Villa Agostino; B&B luxury; Vico Equense; Via Bonea 32 residenza 800 con 3 camere segmento luxury; palette mediterranea su misura; sezioni: hero / camere-servizi / esperienze / posizione / contatti-prenota; lingue IT/EN; tono coerente col segmento; CTA 'Prenota ora / Richiedi disponibilità'
Hotel Stabia,https://www.stabiahotel.it,https://www.google.com/maps/search/?api=1&query=Hotel+Stabia+Castellammare+di+Stabia,Hotel 4 stelle,3,info@hotelstabia.com,,,2026-06-10,,No,Castellammare di Stabia,Sì (probabile),Sì (SEO 100),Sì (blastness),Incerto,2.5,Lungomare vista Vesuvio e Golfo. | PageSpeed mobile: perf=93 seo=100 bp=81. Stack: n/d. Booking engine: blastness. Blog non ancora verificato (conteggiato 0.5).,Hotel Stabia; Hotel 4 stelle; Castellammare di Stabia; Lungomare vista Vesuvio e Golfo; palette mediterranea su misura; sezioni: hero / camere-servizi / esperienze / posizione / contatti-prenota; lingue IT/EN; tono coerente col segmento; CTA 'Prenota ora / Richiedi disponibilità'
La Medusa Hotel & Boutique Spa,https://www.lamedusahotel.com,https://www.google.com/maps/search/?api=1&query=La+Medusa+Hotel+%26+Boutique+Spa+Castellammare+di+Stabia,Hotel 4 stelle dimora di charme,2,info@lamedusahotel.com,https://www.lamedusahotel.com/style/images/medusa.png https://www.lamedusahotel.com/style/images/la_medusa.png https://www.lamedusahotel.com/style/images/dimora_di_charme.png,,2026-06-10,,No,Castellammare di Stabia,Incerto (stack classico),Sì (SEO 85),No (non rilevato),Incerto,3.0,Passeggiata Archeologica segmento lusso/wellness. | PageSpeed mobile: perf=51 seo=85 bp=92. Stack: jQuery|FastClick|core-js. Booking engine: non rilevato. LUSSO(plus). Blog non ancora verificato (conteggiato 0.5).,La Medusa Hotel & Boutique Spa; Hotel 4 stelle dimora di charme; Castellammare di Stabia; Passeggiata Archeologica segmento lusso/wellness; palette mediterranea su misura; sezioni: hero / camere-servizi / esperienze / posizione / contatti-prenota; lingue IT/EN; tono coerente col segmento; CTA 'Prenota ora / Richiedi disponibilità'
Towers Hotel Stabiae Sorrento Coast,https://www.towershotelsorrento.com,https://www.google.com/maps/search/?api=1&query=Towers+Hotel+Stabiae+Sorrento+Coast+Castellammare+di+Stabia,Hotel 4 stelle,2,info@towershotelsorrento.com,https://www.towershotelsorrento.com/uploads/cms/_S9A7064.jpg?w=920&h=920&fit=crop&auto=format&q=65 https://www.towershotelsorrento.com/media/uploads/cms/_S9A7064.jpg?q=pr:sharp/w:412/h:823/rt:fill/enlarge:1/quality:65 https://www.towershotelsorrento.com/media/uploads/cms/rooms_bg.jpg?q=pr:sharp/w:800/h:600/rt:fill/enlarge:1/quality:80,,2026-06-10,,No,Castellammare di Stabia,Sì (probabile),Parziale (SEO 75),No (non rilevato),Incerto,3.5,Loc. Pozzano SS Sorrentina vista mare. | PageSpeed mobile: perf=56 seo=75 bp=92. Stack: n/d. Booking engine: non rilevato. Blog non ancora verificato (conteggiato 0.5).,Towers Hotel Stabiae Sorrento Coast; Hotel 4 stelle; Castellammare di Stabia; Loc. Pozzano SS Sorrentina vista mare; palette mediterranea su misura; sezioni: hero / camere-servizi / esperienze / posizione / contatti-prenota; lingue IT/EN; tono coerente col segmento; CTA 'Prenota ora / Richiedi disponibilità'
Europa Stabia Hotel,https://www.europahotel.biz,https://www.google.com/maps/search/?api=1&query=Europa+Stabia+Hotel+Castellammare+di+Stabia,Hotel 4 stelle,4,,https://www.europahotel.biz/images/Flags/it-IT.gif https://www.europahotel.biz/images/Flags/en-US.gif https://www.europahotel.biz/images/Flags/de-DE.gif,,2026-06-10,,No,Castellammare di Stabia,No,Sì (SEO 85),Sì (blastness),Incerto,1.5,Hotel business/leisure a Castellammare. | PageSpeed mobile: perf=44 seo=85 bp=46. Stack: Bootstrap|jQuery|jQuery UI|Preact. Booking engine: blastness. Blog non ancora verificato (conteggiato 0.5).,Europa Stabia Hotel; Hotel 4 stelle; Castellammare di Stabia; Hotel business/leisure a Castellammare; palette mediterranea su misura; sezioni: hero / camere-servizi / esperienze / posizione / contatti-prenota; lingue IT/EN; tono coerente col segmento; CTA 'Prenota ora / Richiedi disponibilità'
B&B Numero 5,https://bebnumero5.it,https://www.google.com/maps/search/?api=1&query=B%26B+Numero+5+Castellammare+di+Stabia,B&B,3,,https://bebnumero5.it/wp-content/plugins/gtranslate/flags/16/it.png https://bebnumero5.it/wp-content/uploads/2019/02/bebnumero5_slide1.jpg https://bebnumero5.it/wp-content/uploads/2019/02/bebnumero5_slide2.jpg,,2026-06-10,,No,Castellammare di Stabia,Incerto,Sì (SEO 100),No (non rilevato),Incerto,2.0,Centro a 2 min dalla Circumvesuviana. | PageSpeed mobile: perf=46 seo=100 bp=77. Stack: wordpress|jQuery|WordPress. Booking engine: non rilevato. Blog non ancora verificato (conteggiato 0.5).,B&B Numero 5; B&B; Castellammare di Stabia; Centro a 2 min dalla Circumvesuviana; palette mediterranea su misura; sezioni: hero / camere-servizi / esperienze / posizione / contatti-prenota; lingue IT/EN; tono coerente col segmento; CTA 'Prenota ora / Richiedi disponibilità'
Biu Bed & Breakfast,https://www.biubb.it,https://www.google.com/maps/search/?api=1&query=Biu+Bed+%26+Breakfast+Castellammare+di+Stabia,B&B,3,,,,2026-06-10,,No,Castellammare di Stabia,Sì (probabile),Sì (SEO 100),No (non rilevato),Incerto,2.5,Vicino Circumvesuviana Castellammare. | PageSpeed mobile: perf=79 seo=100 bp=100. Stack: n/d. Booking engine: non rilevato. Blog non ancora verificato (conteggiato 0.5).,Biu Bed & Breakfast; B&B; Castellammare di Stabia; Vicino Circumvesuviana Castellammare; palette mediterranea su misura; sezioni: hero / camere-servizi / esperienze / posizione / contatti-prenota; lingue IT/EN; tono coerente col segmento; CTA 'Prenota ora / Richiedi disponibilità'
Marygrace B&B,https://www.marygracebeb.it,https://www.google.com/maps/search/?api=1&query=Marygrace+B%26B+Castellammare+di+Stabia,B&B,3,,,,2026-06-10,,No,Castellammare di Stabia,Sì (probabile),Sì (SEO 100),No (non rilevato),Incerto,2.5,Struttura moderna vicino stazione Via Nocera. | PageSpeed mobile: perf=80 seo=100 bp=100. Stack: n/d. Booking engine: non rilevato. Blog non ancora verificato (conteggiato 0.5).,Marygrace B&B; B&B; Castellammare di Stabia; Struttura moderna vicino stazione Via Nocera; palette mediterranea su misura; sezioni: hero / camere-servizi / esperienze / posizione / contatti-prenota; lingue IT/EN; tono coerente col segmento; CTA 'Prenota ora / Richiedi disponibilità'
Hotel Forum,https://www.hotelforum.it,https://www.google.com/maps/search/?api=1&query=Hotel+Forum+Pompei,Hotel 4 stelle,2,info@hotelforum.it,https://www.hotelforum.it/images/flag/it.gif https://www.hotelforum.it/images/flag/us.gif https://www.hotelforum.it/images/flag/en.gif,,2026-06-10,,No,Pompei,Sì (probabile),Sì (SEO 92),No (non rilevato),Incerto,3.5,Via Roma 99 a pochi metri ingresso scavi. | PageSpeed mobile: perf=50 seo=92 bp=92. Stack: joomla|jQuery|jQuery UI|Joomla. Booking engine: non rilevato. Blog non ancora verificato (conteggiato 0.5).,Hotel Forum; Hotel 4 stelle; Pompei; Via Roma 99 a pochi metri ingresso scavi; palette mediterranea su misura; sezioni: hero / camere-servizi / esperienze / posizione / contatti-prenota; lingue IT/EN; tono coerente col segmento; CTA 'Prenota ora / Richiedi disponibilità'
Hotel del Sole,https://hoteldelsolepompei.it,https://www.google.com/maps/search/?api=1&query=Hotel+del+Sole+Pompei,Hotel 4 stelle,2,,https://hoteldelsolepompei.it/wp-content/themes/hotel-pompei/images/lang/wpml_ita.png https://hoteldelsolepompei.it/wp-content/themes/hotel-pompei/images/lang/wpml_eng.png https://hoteldelsolepompei.it/wp-content/uploads/2021/03/hotel-del-sole-pompei-01-2560x1440.jpg,,2026-06-10,,No,Pompei,Sì (probabile),Sì (SEO 85),No (non rilevato),Incerto,3.5,Via Plinio di fronte agli scavi. | PageSpeed mobile: perf=31 seo=85 bp=100. Stack: wordpress|Bootstrap|jQuery|jQuery UI|WordPress|core-js. Booking engine: non rilevato. Blog non ancora verificato (conteggiato 0.5).,Hotel del Sole; Hotel 4 stelle; Pompei; Via Plinio di fronte agli scavi; palette mediterranea su misura; sezioni: hero / camere-servizi / esperienze / posizione / contatti-prenota; lingue IT/EN; tono coerente col segmento; CTA 'Prenota ora / Richiedi disponibilità'
Hotel Diana Pompei,https://www.hoteldianapompei.com,https://www.google.com/maps/search/?api=1&query=Hotel+Diana+Pompei+Pompei,Hotel 3 stelle,3,,,,2026-06-10,,No,Pompei,No,Sì (SEO 100),No (non rilevato),Incerto,2.5,A 500m dagli scavi vicino Santuario. | PageSpeed mobile: perf=71 seo=100 bp=96. Stack: react|React|Lo-Dash. Booking engine: non rilevato. Blog non ancora verificato (conteggiato 0.5).,Hotel Diana Pompei; Hotel 3 stelle; Pompei; A 500m dagli scavi vicino Santuario; palette mediterranea su misura; sezioni: hero / camere-servizi / esperienze / posizione / contatti-prenota; lingue IT/EN; tono coerente col segmento; CTA 'Prenota ora / Richiedi disponibilità'
Hotel Villa Diomede,https://www.inpompeii.it,https://www.google.com/maps/search/?api=1&query=Hotel+Villa+Diomede+Pompei,Hotel 4 stelle,3,info@villadiomede.it,https://www.inpompeii.it/img/home_3.jpg https://www.inpompeii.it/public/slide/zeusw.jpg https://www.inpompeii.it/public/slide/camping_1.jpg,,2026-06-10,,No,Pompei,Sì (probabile),Sì (SEO 92),Sì (simplebooking),Incerto,2.5,Via Diomede adiacente area archeologica. | PageSpeed mobile: perf=62 seo=92 bp=96. Stack: jQuery|jQuery UI|Moment.js. Booking engine: simplebooking. Blog non ancora verificato (conteggiato 0.5).,Hotel Villa Diomede; Hotel 4 stelle; Pompei; Via Diomede adiacente area archeologica; palette mediterranea su misura; sezioni: hero / camere-servizi / esperienze / posizione / contatti-prenota; lingue IT/EN; tono coerente col segmento; CTA 'Prenota ora / Richiedi disponibilità'
Albergo Pompei Valley,https://www.albergopompeivalley.it,https://www.google.com/maps/search/?api=1&query=Albergo+Pompei+Valley+Pompei,Boutique Hotel,3,info@albergopompeivalley.it,,,2026-06-10,,No,Pompei,No,Sì (SEO 100),No (non rilevato),Incerto,2.5,Boutique segmento medio-alto vicino scavi. | PageSpeed mobile: perf=45 seo=100 bp=100. Stack: react|React|Lo-Dash|RequireJS|core-js. Booking engine: non rilevato. LUSSO(plus). Blog non ancora verificato (conteggiato 0.5).,Albergo Pompei Valley; Boutique Hotel; Pompei; Boutique segmento medio-alto vicino scavi; palette mediterranea su misura; sezioni: hero / camere-servizi / esperienze / posizione / contatti-prenota; lingue IT/EN; tono coerente col segmento; CTA 'Prenota ora / Richiedi disponibilità'
Hotel Maiuri,https://www.hotelmaiuri.it,https://www.google.com/maps/search/?api=1&query=Hotel+Maiuri+Pompei,Hotel 4 stelle,2,info@hotelmaiuri.it,https://www.hotelmaiuri.it/wp-content/uploads/2025/04/hotel-maiuri-trip-advisor-choice-768x768.png https://www.hotelmaiuri.it/wp-content/uploads/2025/03/WhatsApp-Image-2025-03-15-at-16.26.17_75b6ad96-768x811.jpg https://www.hotelmaiuri.it/wp-content/uploads/2025/03/UN-MONDO-DA-ESPLORARE-768x369.jpg,,2026-06-10,,No,Pompei,Sì (probabile),Sì (SEO 92),No (non rilevato),Incerto,3.5,Viale Unita d'Italia vicino Parco Archeologico. | PageSpeed mobile: perf=65 seo=92 bp=100. Stack: wordpress|jQuery|jQuery UI|WordPress|core-js. Booking engine: non rilevato. Blog non ancora verificato (conteggiato 0.5).,Hotel Maiuri; Hotel 4 stelle; Pompei; Viale Unita d'Italia vicino Parco Archeologico; palette mediterranea su misura; sezioni: hero / camere-servizi / esperienze / posizione / contatti-prenota; lingue IT/EN; tono coerente col segmento; CTA 'Prenota ora / Richiedi disponibilità'
Hotel Amleto,http://www.hotelamletopompei.it,https://www.google.com/maps/search/?api=1&query=Hotel+Amleto+Pompei,Hotel 4 stelle,3,info@hotelamleto.it,,,2026-06-10,,No,Pompei,Incerto,Incerto (PageSpeed fallito),Incerto,Incerto,2.5,Via Bartolo Longo centro storico. | PageSpeed mobile: perf=FAIL seo= bp=. Stack: Lighthouse returned error: FAILED_DOCUMENT_REQUEST. Booking engine: non rilevato. Blog non ancora verificato (conteggiato 0.5).,Hotel Amleto; Hotel 4 stelle; Pompei; Via Bartolo Longo centro storico; palette mediterranea su misura; sezioni: hero / camere-servizi / esperienze / posizione / contatti-prenota; lingue IT/EN; tono coerente col segmento; CTA 'Prenota ora / Richiedi disponibilità'
Hotel Vittoria,https://www.pompeihotelvittoria.com,https://www.google.com/maps/search/?api=1&query=Hotel+Vittoria+Pompei,Hotel 4 stelle,2,,https://www.pompeihotelvittoria.com/site/wp-content/uploads/2025/03/hv-e1742915030992.png https://www.pompeihotelvittoria.com/site/wp-content/plugins/sitepress-multilingual-cms/res/flags/en-1.png https://www.pompeihotelvittoria.com/site/wp-content/plugins/sitepress-multilingual-cms/res/flags/it-1.png,,2026-06-10,,No,Pompei,Incerto,Sì (SEO 92),No (non rilevato),Incerto,3.0,Piazza Porta Marina 50m ingresso scavi rooftop. | PageSpeed mobile: perf=43 seo=92 bp=96. Stack: wordpress|jQuery|Leaflet|Isotope|WordPress|core-js. Booking engine: non rilevato. Blog non ancora verificato (conteggiato 0.5).,Hotel Vittoria; Hotel 4 stelle; Pompei; Piazza Porta Marina 50m ingresso scavi rooftop; palette mediterranea su misura; sezioni: hero / camere-servizi / esperienze / posizione / contatti-prenota; lingue IT/EN; tono coerente col segmento; CTA 'Prenota ora / Richiedi disponibilità'
B&B Eco Pompei,https://www.bbecopompei.it,https://www.google.com/maps/search/?api=1&query=B%26B+Eco+Pompei+Pompei,B&B,4,info@bbecopompei.it,https://www.bbecopompei.it/media/mod_languages/images/it.gif https://www.bbecopompei.it/media/mod_languages/images/fr.gif https://www.bbecopompei.it/media/mod_languages/images/en.gif,,2026-06-10,,No,Pompei,Sì (probabile),Sì (SEO 100),Sì (octorate),Incerto,1.5,Centro storico vicino Santuario. | PageSpeed mobile: perf=48 seo=100 bp=77. Stack: joomla|jQuery|MooTools|Joomla. Booking engine: octorate. Blog non ancora verificato (conteggiato 0.5).,B&B Eco Pompei; B&B; Pompei; Centro storico vicino Santuario; palette mediterranea su misura; sezioni: hero / camere-servizi / esperienze / posizione / contatti-prenota; lingue IT/EN; tono coerente col segmento; CTA 'Prenota ora / Richiedi disponibilità'
Dream House Pompei,https://www.dreamhousepompei.com,https://www.google.com/maps/search/?api=1&query=Dream+House+Pompei+Pompei,B&B,4,,https://www.dreamhousepompei.com/wp-content/uploads/2020/05/BBDreamHouse_Pompei_GuglielmoVerrienti_DSC_0872-min.jpg https://www.dreamhousepompei.com/wp-content/uploads/2020/06/cover-struttura.jpg https://www.dreamhousepompei.com/wp-content/uploads/2020/06/ja1-min.jpg,,2026-06-10,,No,Pompei,Sì (probabile),Sì (SEO 92),Sì (beddy),Incerto,1.5,Charming B&B top rated Tripadvisor. | PageSpeed mobile: perf=35 seo=92 bp=100. Stack: wordpress|angular|jQuery|jQuery UI|Lo-Dash|Angular|GreenSock. Booking engine: beddy. Blog non ancora verificato (conteggiato 0.5).,Dream House Pompei; B&B; Pompei; Charming B&B top rated Tripadvisor; palette mediterranea su misura; sezioni: hero / camere-servizi / esperienze / posizione / contatti-prenota; lingue IT/EN; tono coerente col segmento; CTA 'Prenota ora / Richiedi disponibilità'
Domus Pompeii,https://domuspompeii.it,https://www.google.com/maps/search/?api=1&query=Domus+Pompeii+Pompei,B&B,4,,https://domuspompeii.it/wp-content/uploads/2015/06/15616282991_e91f2b8c79_b.jpg https://domuspompeii.it/wp-content/uploads/2016/04/3840410732_891dd01815_b-255x170.jpg https://domuspompeii.it/wp-content/uploads/2016/04/14843494274_47b25974d7_o-480x320.jpg,,2026-06-10,,No,Pompei,No,Parziale (SEO 83),No (non rilevato),Incerto,1.5,Tra scavi e Santuario. | PageSpeed mobile: perf=64 seo=83 bp=96. Stack: wordpress|LitElement|lit-html|Google Maps|jQuery|Modernizr|I. Booking engine: non rilevato. Blog non ancora verificato (conteggiato 0.5).,Domus Pompeii; B&B; Pompei; Tra scavi e Santuario; palette mediterranea su misura; sezioni: hero / camere-servizi / esperienze / posizione / contatti-prenota; lingue IT/EN; tono coerente col segmento; CTA 'Prenota ora / Richiedi disponibilità'
Aliantour,https://www.aliantour.com,https://www.google.com/maps/search/?api=1&query=Aliantour+Pompei,Tour operator / Agenzia viaggi,2,info@aliantour.it,https://www.aliantour.com/wp-content/uploads/2021/05/aliantour-in-europe-blue-1.png https://www.aliantour.com/wp-content/plugins/sitepress-multilingual-cms/res/flags/it.png https://www.aliantour.com/wp-content/plugins/sitepress-multilingual-cms/res/flags/en.png,,2026-06-10,,No,Pompei,Incerto,Sì (SEO 85),No (non rilevato),Incerto,3.0,Piazza B. Longo viaggi organizzati Europa. | PageSpeed mobile: perf=63 seo=85 bp=92. Stack: wordpress|jQuery|WordPress|core-js. Booking engine: non rilevato. Blog non ancora verificato (conteggiato 0.5).,Aliantour; Tour operator / Agenzia viaggi; Pompei; Piazza B. Longo viaggi organizzati Europa; palette mediterranea su misura; sezioni: hero / camere-servizi / esperienze / posizione / contatti-prenota; lingue IT/EN; tono coerente col segmento; CTA 'Prenota ora / Richiedi disponibilità'
Tempio Travel,https://www.tempiotravel.com,https://www.google.com/maps/search/?api=1&query=Tempio+Travel+Pompei,Tour operator incoming,2,,https://www.tempiotravel.com/images/amalfi-coastDiscovery.png https://www.tempiotravel.com/images/body-bg.jpg https://www.tempiotravel.com/images/pompei-vesuvioN.png,,2026-06-10,,No,Pompei,Sì (probabile),Sì (SEO 91),No (non rilevato),Incerto,3.5,Sede int. Circumvesuviana Villa dei Misteri. | PageSpeed mobile: perf=100 seo=91 bp=96. Stack: n/d. Booking engine: non rilevato. Blog non ancora verificato (conteggiato 0.5).,Tempio Travel; Tour operator incoming; Pompei; Sede int. Circumvesuviana Villa dei Misteri; palette mediterranea su misura; sezioni: hero / camere-servizi / esperienze / posizione / contatti-prenota; lingue IT/EN; tono coerente col segmento; CTA 'Prenota ora / Richiedi disponibilità'
Paradisi Perduti,https://www.paradisiperduti.com,https://www.google.com/maps/search/?api=1&query=Paradisi+Perduti+Pompei,Tour operator / Agenzia viaggi,2,info@paradisiperduti.com,https://www.paradisiperduti.com/wp-content/plugins/polylang/flags/it.png https://www.paradisiperduti.com/wp-content/plugins/polylang/flags/gb.png https://www.paradisiperduti.com/wp-content/uploads/2021/05/bbglff.png,,2026-06-10,,No,Pompei,Incerto,Parziale (SEO 61),No (non rilevato),Incerto,3.0,Via Parroco Federico tour Campania. | PageSpeed mobile: perf=68 seo=61 bp=96. Stack: wordpress|jQuery|WordPress. Booking engine: non rilevato. Blog non ancora verificato (conteggiato 0.5).,Paradisi Perduti; Tour operator / Agenzia viaggi; Pompei; Via Parroco Federico tour Campania; palette mediterranea su misura; sezioni: hero / camere-servizi / esperienze / posizione / contatti-prenota; lingue IT/EN; tono coerente col segmento; CTA 'Prenota ora / Richiedi disponibilità'
Pompei Grand Tour,https://www.pompeigrandtour.com,https://www.google.com/maps/search/?api=1&query=Pompei+Grand+Tour+Pompei,Agenzia tour specializzati,3,,https://www.pompeigrandtour.com/unknown,,2026-06-10,,No,Pompei,No,Sì (SEO 100),No (non rilevato),Incerto,2.5,Tour scavi Costiera Napoli. | PageSpeed mobile: perf=46 seo=100 bp=96. Stack: react|React|Lo-Dash|RequireJS|core-js. Booking engine: non rilevato. Blog non ancora verificato (conteggiato 0.5).,Pompei Grand Tour; Agenzia tour specializzati; Pompei; Tour scavi Costiera Napoli; palette mediterranea su misura; sezioni: hero / camere-servizi / esperienze / posizione / contatti-prenota; lingue IT/EN; tono coerente col segmento; CTA 'Prenota ora / Richiedi disponibilità'
Hotel Marad,https://www.hotelmarad.it,https://www.google.com/maps/search/?api=1&query=Hotel+Marad+Torre+del+Greco,Hotel 4 stelle,3,marad@marad.it,,,2026-06-10,,No,Torre del Greco,Sì (probabile),Sì (SEO 100),Sì (blastness),Incerto,2.5,Via B. Croce business/leisure. | PageSpeed mobile: perf=85 seo=100 bp=77. Stack: n/d. Booking engine: blastness. Blog non ancora verificato (conteggiato 0.5).,Hotel Marad; Hotel 4 stelle; Torre del Greco; Via B. Croce business/leisure; palette mediterranea su misura; sezioni: hero / camere-servizi / esperienze / posizione / contatti-prenota; lingue IT/EN; tono coerente col segmento; CTA 'Prenota ora / Richiedi disponibilità'
Hotel Sakura,https://www.hotelsakura.it,https://www.google.com/maps/search/?api=1&query=Hotel+Sakura+Torre+del+Greco,Hotel 4 stelle,3,info@hotelsakura.it,,,2026-06-10,,No,Torre del Greco,Sì (probabile),Parziale (SEO 83),Sì (blastness),Incerto,2.5,Pendici Vesuvio vista Capri (VF Hotel Group). | PageSpeed mobile: perf=80 seo=83 bp=77. Stack: jQuery|jQuery UI. Booking engine: blastness. Blog non ancora verificato (conteggiato 0.5).,Hotel Sakura; Hotel 4 stelle; Torre del Greco; Pendici Vesuvio vista Capri (VF Hotel Group); palette mediterranea su misura; sezioni: hero / camere-servizi / esperienze / posizione / contatti-prenota; lingue IT/EN; tono coerente col segmento; CTA 'Prenota ora / Richiedi disponibilità'
Hotel Poseidon,https://www.hotel-poseidon.it,https://www.google.com/maps/search/?api=1&query=Hotel+Poseidon+Torre+del+Greco,Hotel 4 stelle,2,info@hotel-poseidon.it,https://www.hotel-poseidon.it/wp-content/uploads/2021/06/accoglienzasicura.jpg https://www.hotel-poseidon.it/wp-content/uploads/2021/07/RISTORANTE-1.jpg https://www.hotel-poseidon.it/wp-content/uploads/2021/07/SALA-PLATEA.jpg,,2026-06-10,,No,Torre del Greco,Sì (probabile),Sì (SEO 85),No (non rilevato),Incerto,3.5,Posizione strategica tra Pompei e Ercolano. | PageSpeed mobile: perf=48 seo=85 bp=100. Stack: wordpress|jQuery|jQuery UI|WordPress|core-js. Booking engine: non rilevato. Blog non ancora verificato (conteggiato 0.5).,Hotel Poseidon; Hotel 4 stelle; Torre del Greco; Posizione strategica tra Pompei e Ercolano; palette mediterranea su misura; sezioni: hero / camere-servizi / esperienze / posizione / contatti-prenota; lingue IT/EN; tono coerente col segmento; CTA 'Prenota ora / Richiedi disponibilità'
Hotel Holidays,https://www.holidayshotel.it,https://www.google.com/maps/search/?api=1&query=Hotel+Holidays+Torre+del+Greco,Hotel 3 stelle,2,info@holidayshotel.it,https://www.holidayshotel.it/booking/images/showcal.gif https://www.holidayshotel.it/wp-content/uploads/2018/11/IMG_0311-1.jpg https://www.holidayshotel.it/wp-content/uploads/2018/11/IMG_0348-2.jpg,,2026-06-10,,No,Torre del Greco,Sì (probabile),Sì (SEO 92),No (non rilevato),Incerto,3.5,Via Litoranea recente ristrutturazione. | PageSpeed mobile: perf=36 seo=92 bp=96. Stack: wordpress|jQuery|jQuery UI|Modernizr|GreenSock JS|Isotope|Wo. Booking engine: non rilevato. Blog non ancora verificato (conteggiato 0.5).,Hotel Holidays; Hotel 3 stelle; Torre del Greco; Via Litoranea recente ristrutturazione; palette mediterranea su misura; sezioni: hero / camere-servizi / esperienze / posizione / contatti-prenota; lingue IT/EN; tono coerente col segmento; CTA 'Prenota ora / Richiedi disponibilità'
Villa Dietro la Luna,https://www.villadietrolaluna.it,https://www.google.com/maps/search/?api=1&query=Villa+Dietro+la+Luna+Torre+del+Greco,Affittacamere / Guest house,3,,https://www.villadietrolaluna.it/wp-content/uploads/2018/12/slider5.jpg https://www.villadietrolaluna.it/wp-content/uploads/2018/12/slider6.jpg https://www.villadietrolaluna.it/wp-content/uploads/2018/12/17-768x576.jpg,,2026-06-10,,No,Torre del Greco,Incerto,Parziale (SEO 77),No (non rilevato),Incerto,2.0,Via Maresca 14 centro Torre del Greco. | PageSpeed mobile: perf=84 seo=77 bp=96. Stack: wordpress|jQuery|WordPress. Booking engine: non rilevato. Blog non ancora verificato (conteggiato 0.5).,Villa Dietro la Luna; Affittacamere / Guest house; Torre del Greco; Via Maresca 14 centro Torre del Greco; palette mediterranea su misura; sezioni: hero / camere-servizi / esperienze / posizione / contatti-prenota; lingue IT/EN; tono coerente col segmento; CTA 'Prenota ora / Richiedi disponibilità'
B&B Oplonti Resort,https://www.oplontiresort.com,https://www.google.com/maps/search/?api=1&query=B%26B+Oplonti+Resort+Torre+Annunziata,B&B,3,oplontiresort@outlook.com,,,2026-06-10,,No,Torre Annunziata,Incerto (stack classico),Parziale (SEO 36),No (non rilevato),Incerto,2.0,Via Veneto 200m da scavi Oplonti. | PageSpeed mobile: perf=81 seo=36 bp=96. Stack: jQuery|AngularJS. Booking engine: non rilevato. Blog non ancora verificato (conteggiato 0.5).,B&B Oplonti Resort; B&B; Torre Annunziata; Via Veneto 200m da scavi Oplonti; palette mediterranea su misura; sezioni: hero / camere-servizi / esperienze / posizione / contatti-prenota; lingue IT/EN; tono coerente col segmento; CTA 'Prenota ora / Richiedi disponibilità'
Miglio d'Oro Park Hotel,http://www.migliodoroparkhotel.it,https://www.google.com/maps/search/?api=1&query=Miglio+d%27Oro+Park+Hotel+Ercolano,Hotel 4 stelle superior,2,info@migliodoroparkhotel.it,http://www.migliodoroparkhotel.it/images-ercolano/flag/GB.png http://www.migliodoroparkhotel.it/images-ercolano/flag/FR.png http://www.migliodoroparkhotel.it/images-ercolano/flag/DE.png,,2026-06-10,,No,Ercolano,Incerto (stack classico),Parziale (SEO 82),No (non rilevato),Incerto,3.0,Corso Resina villa storica indipendente piscina ristorante. | PageSpeed mobile: perf=60 seo=82 bp=70. Stack: jQuery. Booking engine: non rilevato. Blog non ancora verificato (conteggiato 0.5).,Miglio d'Oro Park Hotel; Hotel 4 stelle superior; Ercolano; Corso Resina villa storica indipendente piscina ristorante; palette mediterranea su misura; sezioni: hero / camere-servizi / esperienze / posizione / contatti-prenota; lingue IT/EN; tono coerente col segmento; CTA 'Prenota ora / Richiedi disponibilità'
Villa Signorini Events & Hotel,https://www.villasignorini.it,https://www.google.com/maps/search/?api=1&query=Villa+Signorini+Events+%26+Hotel+Ercolano,Hotel dimora storica 4 stelle,3,info@villasignorini.it,,,2026-06-10,,No,Ercolano,Sì (probabile),Parziale (SEO 83),Sì (blastness),Incerto,2.5,Via Roma villa settecentesca centro Ercolano ricevimenti. | PageSpeed mobile: perf=67 seo=83 bp=77. Stack: jQuery|jQuery UI. Booking engine: blastness. LUSSO(plus). Blog non ancora verificato (conteggiato 0.5).,Villa Signorini Events & Hotel; Hotel dimora storica 4 stelle; Ercolano; Via Roma villa settecentesca centro Ercolano ricevimenti; palette mediterranea su misura; sezioni: hero / camere-servizi / esperienze / posizione / contatti-prenota; lingue IT/EN; tono coerente col segmento; CTA 'Prenota ora / Richiedi disponibilità'
Hotel Herculaneum,https://www.hotelherculaneum.com,https://www.google.com/maps/search/?api=1&query=Hotel+Herculaneum+Ercolano,Hotel 3 stelle,3,info@hotelherculaneum.com,,,2026-06-10,,No,Ercolano,Sì (probabile),Parziale (SEO 83),Sì (blastness),Incerto,2.5,Corso Resina vicino Scavi gestione indipendente. | PageSpeed mobile: perf=62 seo=83 bp=77. Stack: jQuery|jQuery UI. Booking engine: blastness. Blog non ancora verificato (conteggiato 0.5).,Hotel Herculaneum; Hotel 3 stelle; Ercolano; Corso Resina vicino Scavi gestione indipendente; palette mediterranea su misura; sezioni: hero / camere-servizi / esperienze / posizione / contatti-prenota; lingue IT/EN; tono coerente col segmento; CTA 'Prenota ora / Richiedi disponibilità'
Andris Hotel,http://www.andrishotel.it,https://www.google.com/maps/search/?api=1&query=Andris+Hotel+Ercolano,Hotel 3 stelle,3,info@andrishotel.it,,,2026-06-10,,No,Ercolano,Incerto,Incerto (PageSpeed fallito),Incerto,Incerto,2.5,Via San Vito gestione familiare zona Vesuvio. | PageSpeed mobile: perf=FAIL seo= bp=. Stack: Lighthouse returned error: NO_FCP. The page did no. Booking engine: non rilevato. Blog non ancora verificato (conteggiato 0.5).,Andris Hotel; Hotel 3 stelle; Ercolano; Via San Vito gestione familiare zona Vesuvio; palette mediterranea su misura; sezioni: hero / camere-servizi / esperienze / posizione / contatti-prenota; lingue IT/EN; tono coerente col segmento; CTA 'Prenota ora / Richiedi disponibilità'
Villa La Colombaia,https://www.villalacolombaia.com,https://www.google.com/maps/search/?api=1&query=Villa+La+Colombaia+Portici,Hotel boutique 4 stelle,2,villalacolombaia@libero.it,https://villalacolombaia.com/wp-content/uploads/2026/02/piscina_villa_la_colombaia_location_matrimoni-4f381c22-1e8e5677-40cde7ab-1920w-768x909.jpg https://villalacolombaia.com/wp-content/uploads/2026/03/WhatsApp-Image-2026-03-25-at-10.11.14-5-768x1024.jpeg https://villalacolombaia.com/wp-content/plugins/elementor/assets/images/placeholder.png,,2026-06-10,,No,Portici,Sì (probabile),Sì (SEO 85),No (non rilevato),Incerto,3.5,Villa vesuviana con giardino ristorante eventi. | PageSpeed mobile: perf=56 seo=85 bp=96. Stack: wordpress|jQuery|jQuery UI|WordPress|core-js. Booking engine: non rilevato. LUSSO(plus). Blog non ancora verificato (conteggiato 0.5).,Villa La Colombaia; Hotel boutique 4 stelle; Portici; Villa vesuviana con giardino ristorante eventi; palette mediterranea su misura; sezioni: hero / camere-servizi / esperienze / posizione / contatti-prenota; lingue IT/EN; tono coerente col segmento; CTA 'Prenota ora / Richiedi disponibilità'
Hotel & Resort Tre Fontane Luxury,https://www.resorttrefontane.it,https://www.google.com/maps/search/?api=1&query=Hotel+%26+Resort+Tre+Fontane+Luxury+Portici,Hotel 4 stelle luxury,2,info@resorttrefontane.com,https://www.resorttrefontane.it/wp-content/plugins/revslider-transitionpack-addon/public/textures/transition/transition1.png https://www.resorttrefontane.it/wp-content/uploads/revslider/header/XT5F8028-2-1920x980.jpg,,2026-06-10,,No,Portici,Sì (probabile),Sì (SEO 92),No (non rilevato),Incerto,3.5,Corso Garibaldi parco storico segmento lusso indipendente. | PageSpeed mobile: perf=63 seo=92 bp=100. Stack: wordpress|jQuery|jQuery UI|three.js|Isotope|FlexSlider|WordP. Booking engine: non rilevato. LUSSO(plus). Blog non ancora verificato (conteggiato 0.5).,Hotel & Resort Tre Fontane Luxury; Hotel 4 stelle luxury; Portici; Corso Garibaldi parco storico segmento lusso indipendente; palette mediterranea su misura; sezioni: hero / camere-servizi / esperienze / posizione / contatti-prenota; lingue IT/EN; tono coerente col segmento; CTA 'Prenota ora / Richiedi disponibilità'
Hotel Borbonico di Pietrarsa,https://www.hotelpietrarsa.it,https://www.google.com/maps/search/?api=1&query=Hotel+Borbonico+di+Pietrarsa+Portici,Hotel 3 stelle,3,info@hotelpietrarsa.it,,,2026-06-10,,No,Portici,Incerto,Incerto (PageSpeed fallito),Incerto,Incerto,2.5,Corso Garibaldi vicino museo Pietrarsa indipendente. | PageSpeed mobile: perf=FAIL seo= bp=. Stack: Lighthouse returned error: FAILED_DOCUMENT_REQUEST. Booking engine: non rilevato. Blog non ancora verificato (conteggiato 0.5).,Hotel Borbonico di Pietrarsa; Hotel 3 stelle; Portici; Corso Garibaldi vicino museo Pietrarsa indipendente; palette mediterranea su misura; sezioni: hero / camere-servizi / esperienze / posizione / contatti-prenota; lingue IT/EN; tono coerente col segmento; CTA 'Prenota ora / Richiedi disponibilità'
B&B Villa Filù,https://www.bedandbreakfastportici.com,https://www.google.com/maps/search/?api=1&query=B%26B+Villa+Fil%C3%B9+Portici,B&B con sito proprio,3,,,,2026-06-10,,No,Portici,Incerto (stack classico),Sì (SEO 92),No (non rilevato),Incerto,2.0,Via Diaz B&B familiare 8km da Napoli. | PageSpeed mobile: perf=57 seo=92 bp=81. Stack: Bootstrap|jQuery|Lo-Dash. Booking engine: non rilevato. Blog non ancora verificato (conteggiato 0.5).,B&B Villa Filù; B&B con sito proprio; Portici; Via Diaz B&B familiare 8km da Napoli; palette mediterranea su misura; sezioni: hero / camere-servizi / esperienze / posizione / contatti-prenota; lingue IT/EN; tono coerente col segmento; CTA 'Prenota ora / Richiedi disponibilità'
Grand Hotel Vesuvio,https://www.vesuvio.it,https://www.google.com/maps/search/?api=1&query=Grand+Hotel+Vesuvio+Napoli,Hotel 5 stelle Lusso,3,info@vesuvio.it,https://www.vesuvio.it/wp-content/plugins/sitepress-multilingual-cms/res/flags/en.png https://www.vesuvio.it/wp-content/plugins/sitepress-multilingual-cms/res/flags/fr.png https://www.vesuvio.it/wp-content/plugins/sitepress-multilingual-cms/res/flags/de.png,,2026-06-10,,No,Napoli,No,Parziale (SEO 77),Sì (d-edge|decms),Incerto,2.5,160 camere Lungomare via Partenope storico dal 1882 Leading Hotels. | PageSpeed mobile: perf=37 seo=77 bp=100. Stack: wordpress|LitElement|lit-html|Google Maps|jQuery|jQuery UI|I. Booking engine: d-edge|decms. LUSSO(plus). Blog non ancora verificato (conteggiato 0.5).,Grand Hotel Vesuvio; Hotel 5 stelle Lusso; Napoli; 160 camere Lungomare via Partenope storico dal 1882 Leading Hotels; palette mediterranea su misura; sezioni: hero / camere-servizi / esperienze / posizione / contatti-prenota; lingue IT/EN; tono coerente col segmento; CTA 'Prenota ora / Richiedi disponibilità'
Grand Hotel Parker's,https://www.grandhotelparkers.it,https://www.google.com/maps/search/?api=1&query=Grand+Hotel+Parker%27s+Napoli,Hotel 5 stelle Lusso,1,info@grandhotelparkers.it,https://www.grandhotelparkers.it/catalog/view/theme/hotel/image/svg/BASE-stemma.png https://www.grandhotelparkers.it/catalog/view/theme/hotel/image/svg/tel.svg https://www.grandhotelparkers.it/catalog/view/theme/hotel/image/svg/email.svg,https://naplesexperiences-netizen.github.io/experiences-demos/demos/grand-hotel-parkers-napoli-demo-experiences/,2026-06-11,2026-06-11,No,Napoli,Incerto (stack classico),Sì (SEO 92),No (non rilevato),Incerto,4.0,83 camere Corso Vittorio Emanuele storico dal 1870 Relais Chateaux. | PageSpeed mobile: perf=31 seo=92 bp=73. Stack: Bootstrap|jQuery|core-js. Booking engine: non rilevato. LUSSO(plus). Blog non ancora verificato (conteggiato 0.5).,Grand Hotel Parker's; Hotel 5 stelle Lusso; Napoli; 83 camere Corso Vittorio Emanuele storico dal 1870 Relais Chateaux; palette mediterranea su misura; sezioni: hero / camere-servizi / esperienze / posizione / contatti-prenota; lingue IT/EN; tono coerente col segmento; CTA 'Prenota ora / Richiedi disponibilità'
Hotel San Francesco al Monte,https://sanfrancescoalmonte.it,https://www.google.com/maps/search/?api=1&query=Hotel+San+Francesco+al+Monte+Napoli,Hotel 4 stelle boutique,2,info@sanfrancescoalmonte.it,https://sanfrancescoalmonte.it/_img/sfm-nuovo-03.png https://sanfrancescoalmonte.it/_novaimg/4194726-1599383_0_120_2048_1157_1600_900.jpg https://sanfrancescoalmonte.it/_novaimg/4193544-1321503_217_0_2815_2009_1400_1000.rc.jpg,,2026-06-10,,No,Napoli,Sì (probabile),Sì (SEO 85),No (non rilevato),Incerto,3.5,45 camere ex monastero panoramico Corso Vittorio Emanuele. | PageSpeed mobile: perf=68 seo=85 bp=100. Stack: jQuery|jQuery UI|Leaflet|core-js. Booking engine: non rilevato. LUSSO(plus). Blog non ancora verificato (conteggiato 0.5).,Hotel San Francesco al Monte; Hotel 4 stelle boutique; Napoli; 45 camere ex monastero panoramico Corso Vittorio Emanuele; palette mediterranea su misura; sezioni: hero / camere-servizi / esperienze / posizione / contatti-prenota; lingue IT/EN; tono coerente col segmento; CTA 'Prenota ora / Richiedi disponibilità'
Hotel Royal Continental,https://www.royalcontinental.it,https://www.google.com/maps/search/?api=1&query=Hotel+Royal+Continental+Napoli,Hotel 4 stelle,1,info@royalcontinental.it,https://www.royalcontinental.it/assets/i/burger-menu-white.svg https://www.royalcontinental.it/assets/i/instagram.svg https://www.royalcontinental.it/assets/i/facebook.svg,https://naplesexperiences-netizen.github.io/experiences-demos/demos/hotel-royal-continental-napoli-demo-experiences/,2026-06-11,2026-06-11,No,Napoli,Incerto,Sì (SEO 92),No (non rilevato),Incerto,4.0,397 camere via Partenope Lungomare Royal Group. | PageSpeed mobile: perf=42 seo=92 bp=96. Stack: ScrollMagic. Booking engine: non rilevato. Blog non ancora verificato (conteggiato 0.5).,Hotel Royal Continental; Hotel 4 stelle; Napoli; 397 camere via Partenope Lungomare Royal Group; palette mediterranea su misura; sezioni: hero / camere-servizi / esperienze / posizione / contatti-prenota; lingue IT/EN; tono coerente col segmento; CTA 'Prenota ora / Richiedi disponibilità'
Hotel Palazzo Alabardieri,https://www.palazzoalabardieri.it,https://www.google.com/maps/search/?api=1&query=Hotel+Palazzo+Alabardieri+Napoli,Hotel 4 stelle,3,info@palazzoalabardieri.it,https://www.palazzoalabardieri.it/assets/media/primopiano/hall-hotel-napoli.jpg https://www.palazzoalabardieri.it/assets/media/primopiano/alabardieri_via_dei_mille.jpg https://www.palazzoalabardieri.it/assets/media/primopiano_camera.jpg,,2026-06-10,,No,Napoli,No,Sì (SEO 92),No (non rilevato),Incerto,2.5,Chiaia palazzo 800 restaurato indipendente. | PageSpeed mobile: perf=39 seo=92 bp=73. Stack: Bootstrap|LitElement|lit-html|Google Maps|jQuery|Isotope. Booking engine: non rilevato. Blog non ancora verificato (conteggiato 0.5).,Hotel Palazzo Alabardieri; Hotel 4 stelle; Napoli; Chiaia palazzo 800 restaurato indipendente; palette mediterranea su misura; sezioni: hero / camere-servizi / esperienze / posizione / contatti-prenota; lingue IT/EN; tono coerente col segmento; CTA 'Prenota ora / Richiedi disponibilità'
Caravaggio Hotel,https://www.caravaggiohotel.it,https://www.google.com/maps/search/?api=1&query=Caravaggio+Hotel+Napoli,Hotel 4 stelle centro storico,2,info@caravaggiohotel.it,https://www.caravaggiohotel.it/images/header/headhomemob.jpg https://www.caravaggiohotel.it/images/header/carahome.jpg https://www.caravaggiohotel.it/images/facebook.png,,2026-06-10,,No,Napoli,Sì (probabile),Sì (SEO 92),No (non rilevato),Incerto,3.5,29 camere piazza Riario Sforza palazzo 600 vicino Duomo. | PageSpeed mobile: perf=88 seo=92 bp=69. Stack: joomla|jQuery|Joomla. Booking engine: non rilevato. Blog non ancora verificato (conteggiato 0.5).,Caravaggio Hotel; Hotel 4 stelle centro storico; Napoli; 29 camere piazza Riario Sforza palazzo 600 vicino Duomo; palette mediterranea su misura; sezioni: hero / camere-servizi / esperienze / posizione / contatti-prenota; lingue IT/EN; tono coerente col segmento; CTA 'Prenota ora / Richiedi disponibilità'
MH Design Hotel,https://www.mhhotel.it,https://www.google.com/maps/search/?api=1&query=MH+Design+Hotel+Napoli,Hotel 4 stelle design,2,info@mhhotel.it,,,2026-06-10,,No,Napoli,Incerto,Sì (SEO 85),No (non rilevato),Incerto,3.0,22 camere via Chiaia palazzo nobiliare 600 indipendente. | PageSpeed mobile: perf=84 seo=85 bp=92. Stack: wordpress|jQuery|WordPress. Booking engine: non rilevato. Blog non ancora verificato (conteggiato 0.5).,MH Design Hotel; Hotel 4 stelle design; Napoli; 22 camere via Chiaia palazzo nobiliare 600 indipendente; palette mediterranea su misura; sezioni: hero / camere-servizi / esperienze / posizione / contatti-prenota; lingue IT/EN; tono coerente col segmento; CTA 'Prenota ora / Richiedi disponibilità'
Costantinopoli 104,https://www.costantinopoli104.it,https://www.google.com/maps/search/?api=1&query=Costantinopoli+104+Napoli,Hotel boutique 4 stelle,3,,,,2026-06-10,,No,Napoli,Sì (probabile),Sì (SEO 92),Sì (blastness),Incerto,2.5,19 camere villa neoclassica 700 piscina dimora storica. | PageSpeed mobile: perf=74 seo=92 bp=81. Stack: jQuery|jQuery UI. Booking engine: blastness. LUSSO(plus). Blog non ancora verificato (conteggiato 0.5).,Costantinopoli 104; Hotel boutique 4 stelle; Napoli; 19 camere villa neoclassica 700 piscina dimora storica; palette mediterranea su misura; sezioni: hero / camere-servizi / esperienze / posizione / contatti-prenota; lingue IT/EN; tono coerente col segmento; CTA 'Prenota ora / Richiedi disponibilità'
Santa Chiara Boutique Hotel,https://www.santachiarahotel.com,https://www.google.com/maps/search/?api=1&query=Santa+Chiara+Boutique+Hotel+Napoli,Hotel 4 stelle boutique,2,info@santachiarahotel.com,https://www.santachiarahotel.com/wp-content/uploads/2023/06/Santa-chiara-boutique-hotel-Napoli.png https://www.santachiarahotel.com/wp-content/uploads/2023/02/Livello_1-7.png https://www.santachiarahotel.com/wp-content/uploads/2023/01/les-collectionneurs-bianca-1.png,,2026-06-10,,No,Napoli,Sì (probabile),Sì (SEO 100),No (non rilevato),Incerto,3.5,via Benedetto Croce centro storico Spaccanapoli. | PageSpeed mobile: perf=44 seo=100 bp=96. Stack: wordpress|jQuery|jQuery UI|WordPress|core-js. Booking engine: non rilevato. LUSSO(plus). Blog non ancora verificato (conteggiato 0.5).,Santa Chiara Boutique Hotel; Hotel 4 stelle boutique; Napoli; via Benedetto Croce centro storico Spaccanapoli; palette mediterranea su misura; sezioni: hero / camere-servizi / esperienze / posizione / contatti-prenota; lingue IT/EN; tono coerente col segmento; CTA 'Prenota ora / Richiedi disponibilità'
Hotel Palazzo Decumani,http://www.palazzodecumani.com,https://www.google.com/maps/search/?api=1&query=Hotel+Palazzo+Decumani+Napoli,Hotel 4 stelle boutique,3,info@palazzodecumani.com,http://www.palazzodecumani.com/inc/img/bg_h1.png http://www.palazzodecumani.com/inc/img/flag_en.png http://www.palazzodecumani.com/inc/img/flag_it.png,,2026-06-10,,No,Napoli,Sì (probabile),Sì (SEO 91),Sì (blastness),Incerto,2.5,28 camere palazzo primi 900 centro storico Decumani. | PageSpeed mobile: perf=60 seo=91 bp=70. Stack: jQuery|jQuery UI|MooTools. Booking engine: blastness. LUSSO(plus). Blog non ancora verificato (conteggiato 0.5).,Hotel Palazzo Decumani; Hotel 4 stelle boutique; Napoli; 28 camere palazzo primi 900 centro storico Decumani; palette mediterranea su misura; sezioni: hero / camere-servizi / esperienze / posizione / contatti-prenota; lingue IT/EN; tono coerente col segmento; CTA 'Prenota ora / Richiedi disponibilità'
Decumani Hotel de Charme,https://www.decumani.com,https://www.google.com/maps/search/?api=1&query=Decumani+Hotel+de+Charme+Napoli,Hotel 3 stelle dimora storica,3,info@decumani.com,https://www.decumani.com/tpl/default/assets/cms/img/ghost-100x70.png https://www.decumani.com/tpl/default/assets/cms/img/ngt_european_cities.svg https://www.decumani.com/tpl/default/assets/cms/img/tripadvisor_tc_2025.png,,2026-06-10,,No,Napoli,No,Sì (SEO 92),No (non rilevato),Incerto,2.5,22 camere Palazzo Riario Sforza 700 centro storico. | PageSpeed mobile: perf=30 seo=92 bp=100. Stack: Bootstrap|LitElement|lit-html|Google Maps|jQuery|Moment.js|c. Booking engine: non rilevato. LUSSO(plus). Blog non ancora verificato (conteggiato 0.5).,Decumani Hotel de Charme; Hotel 3 stelle dimora storica; Napoli; 22 camere Palazzo Riario Sforza 700 centro storico; palette mediterranea su misura; sezioni: hero / camere-servizi / esperienze / posizione / contatti-prenota; lingue IT/EN; tono coerente col segmento; CTA 'Prenota ora / Richiedi disponibilità'
Chiaja Hotel de Charme,https://www.hotelchiaia.it,https://www.google.com/maps/search/?api=1&query=Chiaja+Hotel+de+Charme+Napoli,Hotel 3 stelle dimora storica,3,info@hotelchiaia.it,https://www.hotelchiaia.it/tpl/default/assets/cms/img/lng/it/best_rate_5_percent.png https://www.hotelchiaia.it/tpl/default/assets/cms/img/tc_2025_view.gif https://www.hotelchiaia.it/tpl/default/assets/cms/img/na.png,,2026-06-10,,No,Napoli,No,Sì (SEO 92),No (non rilevato),Incerto,2.5,27 camere palazzo 700 via Chiaia gestione familiare. | PageSpeed mobile: perf=32 seo=92 bp=100. Stack: Bootstrap|LitElement|lit-html|Google Maps|jQuery|Moment.js. Booking engine: non rilevato. LUSSO(plus). Blog non ancora verificato (conteggiato 0.5).,Chiaja Hotel de Charme; Hotel 3 stelle dimora storica; Napoli; 27 camere palazzo 700 via Chiaia gestione familiare; palette mediterranea su misura; sezioni: hero / camere-servizi / esperienze / posizione / contatti-prenota; lingue IT/EN; tono coerente col segmento; CTA 'Prenota ora / Richiedi disponibilità'
Hotel Palazzo Turchini,https://www.palazzoturchini.it,https://www.google.com/maps/search/?api=1&query=Hotel+Palazzo+Turchini+Napoli,Hotel 4 stelle,3,info@palazzoturchini.it,https://www.palazzoturchini.it/wp-content/uploads/2025/12/foto_hotel_palazzo_turchini_hotel_4_stelle_a_napoli_pagina_camere_camera_junior_suite_1.jpg https://www.palazzoturchini.it/wp-content/uploads/2025/12/foto_hotel_palazzo_turchini_hotel_4_stelle_a_napoli_pagina_camere_camera_executive_room_1.jpg https://www.palazzoturchini.it/wp-content/uploads/2025/12/foto_hotel_palazzo_turchini_hotel_4_stelle_a_napoli_slide_3.jpg,,2026-06-10,,No,Napoli,Sì (probabile),Sì (SEO 92),Sì (wubook),Incerto,2.5,27 camere via Medina palazzo storico indipendente. | PageSpeed mobile: perf=43 seo=92 bp=81. Stack: wordpress|jQuery|jQuery UI|GreenSock JS|WordPress|core-js. Booking engine: wubook. Blog non ancora verificato (conteggiato 0.5).,Hotel Palazzo Turchini; Hotel 4 stelle; Napoli; 27 camere via Medina palazzo storico indipendente; palette mediterranea su misura; sezioni: hero / camere-servizi / esperienze / posizione / contatti-prenota; lingue IT/EN; tono coerente col segmento; CTA 'Prenota ora / Richiedi disponibilità'
Hotel Suite Esedra,https://hotelsuiteesedranapoli.it,https://www.google.com/maps/search/?api=1&query=Hotel+Suite+Esedra+Napoli,Hotel 4 stelle,3,,https://holidaygid.com/wp-content/uploads/2013/11/Plassenburg-800x600.jpg https://holidaygid.com/wp-content/uploads/2015/09/munchen-800x486.jpg https://holidaygid.com/wp-content/uploads/2018/07/maria-antonia-juan-de-la-cruz-jimenez-2-768x456.jpg,,2026-06-10,,No,Napoli,No,Sì (SEO 100),No (non rilevato),Incerto,2.5,17 camere via Cantani antica residenza nobile centro. | PageSpeed mobile: perf=84 seo=100 bp=100. Stack: wordpress|wp-rocket|jQuery|WordPress|WP Rocket. Booking engine: non rilevato. Blog non ancora verificato (conteggiato 0.5).,Hotel Suite Esedra; Hotel 4 stelle; Napoli; 17 camere via Cantani antica residenza nobile centro; palette mediterranea su misura; sezioni: hero / camere-servizi / esperienze / posizione / contatti-prenota; lingue IT/EN; tono coerente col segmento; CTA 'Prenota ora / Richiedi disponibilità'
Campania Incoming,https://www.campaniaincoming.it,https://www.google.com/maps/search/?api=1&query=Campania+Incoming+Napoli,Tour operator incoming,3,info@campaniaincoming.it,https://www.campaniaincoming.it/images/lang/it.png https://www.campaniaincoming.it/images/lang/en.png https://www.campaniaincoming.it/images/lang/es.png,,2026-06-10,,No,Napoli,No,Sì (SEO 91),No (non rilevato),Incerto,2.5,via Solimena specialista Campania Sud Italia gruppi crociere. | PageSpeed mobile: perf=56 seo=91 bp=73. Stack: react|Bootstrap|jQuery|React. Booking engine: non rilevato. Blog non ancora verificato (conteggiato 0.5).,Campania Incoming; Tour operator incoming; Napoli; via Solimena specialista Campania Sud Italia gruppi crociere; palette mediterranea su misura; sezioni: hero / camere-servizi / esperienze / posizione / contatti-prenota; lingue IT/EN; tono coerente col segmento; CTA 'Prenota ora / Richiedi disponibilità'
Napolincoming (Marytour),https://www.napolincoming.it,https://www.google.com/maps/search/?api=1&query=Napolincoming+%28Marytour%29+Napoli,Tour operator incoming,2,info@napolincoming.it,https://www.napolincoming.it/wp-content/uploads/2019/04/napoli-incoming-scaled.png https://www.napolincoming.it/wp-content/uploads/2017/07/napoli-italia.jpg https://www.napolincoming.it/wp-content/uploads/2017/08/FOTO-1-1.jpg,,2026-06-10,,No,Napoli,Sì (probabile),Sì (SEO 85),No (non rilevato),Incerto,3.5,via dei Fiorentini tour Vesuvio Pompei. | PageSpeed mobile: perf=38 seo=85 bp=96. Stack: wordpress|jQuery|jQuery UI|WebFont Loader|Isotope|WordPress. Booking engine: non rilevato. Blog non ancora verificato (conteggiato 0.5).,Napolincoming (Marytour); Tour operator incoming; Napoli; via dei Fiorentini tour Vesuvio Pompei; palette mediterranea su misura; sezioni: hero / camere-servizi / esperienze / posizione / contatti-prenota; lingue IT/EN; tono coerente col segmento; CTA 'Prenota ora / Richiedi disponibilità'
Bongi Travel,https://www.bongitravel.it,https://www.google.com/maps/search/?api=1&query=Bongi+Travel+Napoli,Tour operator agenzia viaggi,2,prenotazioni@bongitravel.it,https://www.bongitravel.it/sites/default/files/slider/slide_rho_agg.jpg https://www.bongitravel.it/sites/default/files/slider/bongi_parafly.jpeg https://www.bongitravel.it/sites/default/files/styles/offer_medium/public/offers/22_0.jpeg?itok=KIYXnjV6,,2026-06-10,,No,Napoli,Incerto,Sì (SEO 85),No (non rilevato),Incerto,3.0,piazza Vanvitelli Vomero outgoing/incoming 20 anni. | PageSpeed mobile: perf=28 seo=85 bp=100. Stack: drupal|jQuery|core-js|Drupal. Booking engine: non rilevato. Blog non ancora verificato (conteggiato 0.5).,Bongi Travel; Tour operator agenzia viaggi; Napoli; piazza Vanvitelli Vomero outgoing/incoming 20 anni; palette mediterranea su misura; sezioni: hero / camere-servizi / esperienze / posizione / contatti-prenota; lingue IT/EN; tono coerente col segmento; CTA 'Prenota ora / Richiedi disponibilità'
=== RESUME POINT ===,,,,,,,,2026-06-10,,,,,,,,,"STOP 2026-06-10: completate SORRENTO (26 schede, analisi piena con blog verificato) + città Sorrento->Napoli: Sant'Agnello, Piano di Sorrento, Meta, Vico Equense, Castellammare di Stabia, Pompei, Torre Annunziata, Torre del Greco, Ercolano, Portici, Napoli (77 nuove schede, PageSpeed eseguito su tutte). LIMITI nuove schede: campo Blog='Incerto' (non verificato, conteggiato 0.5 nei criteri) e brief demo in forma sintetica -> approfondire per i prospect priorità 1-2. Wayback bloccato in ambiente (anzianità stimata dallo stack). DA FARE alla ripresa: (1) verificare Blog e affinare brief per priorità 1-2 delle nuove città; (2) eventuale estensione a Salerno e provincia (Salerno città, Cava de' Tirreni, Vietri, Costiera Amalfitana: Amalfi/Positano/Maiori/Ravello, Paestum/Cilento). LEGENDA criteri (max 5, Incerto=0.5): C1 sito pre-2020 + C2 traffico + C3 vendite + C4 no channel manager + C5 no blog. Traffico/vendite=stime qualitative.",
